-- MySQL dump 10.13  Distrib 5.6.24, for Win32 (x86)
--
-- Host: 127.0.0.1    Database: story_db
-- ------------------------------------------------------
-- Server version	5.6.25

/*!40101 SET @OLD_CHARACTER_SET_CLIENT=@@CHARACTER_SET_CLIENT */;
/*!40101 SET @OLD_CHARACTER_SET_RESULTS=@@CHARACTER_SET_RESULTS */;
/*!40101 SET @OLD_COLLATION_CONNECTION=@@COLLATION_CONNECTION */;
/*!40101 SET NAMES utf8 */;
/*!40103 SET @OLD_TIME_ZONE=@@TIME_ZONE */;
/*!40103 SET TIME_ZONE='+00:00' */;
/*!40014 SET @OLD_UNIQUE_CHECKS=@@UNIQUE_CHECKS, UNIQUE_CHECKS=0 */;
/*!40014 SET @OLD_FOREIGN_KEY_CHECKS=@@FOREIGN_KEY_CHECKS, FOREIGN_KEY_CHECKS=0 */;
/*!40101 SET @OLD_SQL_MODE=@@SQL_MODE, SQL_MODE='NO_AUTO_VALUE_ON_ZERO' */;
/*!40111 SET @OLD_SQL_NOTES=@@SQL_NOTES, SQL_NOTES=0 */;

--
-- Table structure for table `category`
--

DROP TABLE IF EXISTS `category`;
/*!40101 SET @saved_cs_client     = @@character_set_client */;
/*!40101 SET character_set_client = utf8 */;
CREATE TABLE `category` (
  `category_id` int(11) NOT NULL AUTO_INCREMENT,
  `category_name` varchar(100) CHARACTER SET utf8 DEFAULT NULL,
  `slug` varchar(100) COLLATE utf8_unicode_ci DEFAULT NULL,
  PRIMARY KEY (`category_id`)
) ENGINE=InnoDB AUTO_INCREMENT=4 DEFAULT CHARSET=utf8 COLLATE=utf8_unicode_ci;
/*!40101 SET character_set_client = @saved_cs_client */;

--
-- Dumping data for table `category`
--

LOCK TABLES `category` WRITE;
/*!40000 ALTER TABLE `category` DISABLE KEYS */;
INSERT INTO `category` VALUES (1,'Truyện ngắn','truyen-ngan'),(2,'Truyện dài','truyen-dai'),(3,'Trà sữa tâm hồn','tra-sua-tam-hon');
/*!40000 ALTER TABLE `category` ENABLE KEYS */;
UNLOCK TABLES;

--
-- Table structure for table `chapter`
--

DROP TABLE IF EXISTS `chapter`;
/*!40101 SET @saved_cs_client     = @@character_set_client */;
/*!40101 SET character_set_client = utf8 */;
CREATE TABLE `chapter` (
  `chapter_id` int(11) NOT NULL AUTO_INCREMENT,
  `story_id` int(11) DEFAULT NULL,
  `chapter_number` varchar(45) CHARACTER SET utf8 DEFAULT NULL,
  `chapter_name` varchar(100) CHARACTER SET utf8 DEFAULT NULL,
  `slug` varchar(100) COLLATE utf8_unicode_ci DEFAULT NULL,
  `content` text COLLATE utf8_unicode_ci,
  `description` varchar(500) CHARACTER SET utf8 DEFAULT NULL,
  `status` varchar(20) COLLATE utf8_unicode_ci DEFAULT NULL,
  `create_time` datetime DEFAULT NULL,
  `update_time` datetime DEFAULT NULL,
  PRIMARY KEY (`chapter_id`)
) ENGINE=InnoDB AUTO_INCREMENT=5 DEFAULT CHARSET=utf8 COLLATE=utf8_unicode_ci;
/*!40101 SET character_set_client = @saved_cs_client */;

--
-- Dumping data for table `chapter`
--

LOCK TABLES `chapter` WRITE;
/*!40000 ALTER TABLE `chapter` DISABLE KEYS */;
INSERT INTO `chapter` VALUES (1,1,'Chương 1','Tóm lại là đã hết một ngày','chap-1','Một ngày, tôi chợt nhận thấy cuộc sống thật là buồn chán và tẻ nhạt. \n    Năm đó tôi tám tuổi. \n    Sau này, tôi cũng nhiều lần thấy cuộc sống đáng chán khi thi trượt ở tuổi mười lăm, thất tình ở tuổi hăm bốn, thất nghiệp ở tuổi ba mươi ba và gặt hái mọi thành công ở tuổi bốn mươi.\n    Nhưng tám tuổi có cái buồn chán của tuổi lên tám. \n    Đó là cái ngày không hiểu sao tôi lại có ý nghĩ rằng cuộc sống không có gì để mà chờ đợi nữa. \n    Rất nhiều năm về sau, tôi được biết các triết gia và các nhà thần học vẫn đang loay hoay đi tìm ý nghĩa của cuộc sống và tới Tết Ma Rốc họ cũng chưa chắc đã tìm ra. \n    Nhưng năm tôi tám tuổi, tôi đã thấy cuộc sống chả có gì mới mẻ để khám phá. \n    Vẫn ánh mặt trời đó chiếu rọi mỗi ngày. Vẫn bức màn đen đó buông xuống mỗi đêm. Trên mái nhà và trên các cành lá sau vườn, gió vẫn than thở giọng của gió. Chim vẫn hót giọng của chim. Dế ri ri giọng dế, gà quang quác giọng gà. Nói tóm lại, cuộc sống thật là cũ kỹ. \n    Cuộc sống của tôi còn cũ kỹ hơn nữa. Mỗi đêm, trước khi đi ngủ, tôi đã biết tỏng ngày mai những sự kiện gì sẽ diễn ra trong cuộc đời tôi. \n    Tôi kể ra nhé: Sáng, tôi phải cố hết sức để thức dậy trong khi tôi vẫn còn muốn ngủ tiếp. Tất nhiên là trước đó tôi vẫn giả vờ ngủ mê mặc cho mẹ tôi kêu khản cả giọng rồi lay lay người tôi, nhưng dĩ nhiên tôi vẫn trơ ra như khúc gỗ cho đến khi mẹ tôi cù vào lòng bàn chân tôi. Khi đặt chân xuống đất rồi, tôi phải đi đánh răng rửa mặt, tóm lại là làm vệ sinh buổi sáng trước khi bị ấn vào bàn ăn để uể oải nhai chóp chép một thứ gì đó thường là không hợp khẩu vị. Mẹ tôi luôn luôn quan tâm đến sức khỏe và cụ thể hoá mối quan tâm của mình bằng cách bắt tôi (và cả nhà) ăn những món ăn có nhiều chất dinh dưỡng trong khi tôi chỉ khoái xực những món mà bà cho rằng chẳng bổ béo gì, như mì gói chẳng hạn. \n    Quan tâm đến sức khoẻ là điều tốt, và càng lớn tuổi mối quan tâm đó càng tỏ ra đúng đắn. Chẳng ai dám nói quan tâm như vậy là điều không tốt. Tôi cũng thế thôi. Khi tôi trưởng thành, có nhà báo phỏng vấn tôi, rằng giữa sức khoẻ, tình yêu và tiền bạc, ông quan tâm điều gì nhất? Lúc đầu tôi nói nhiều về tình yêu, về sau tôi nói nhiều hơn về sức khoẻ. Tôi phớt lờ tiền bạc, mặc dù tôi nhận thấy đó là một bất công: tiền bạc chưa bao giờ được con con người ta thừa nhận là mối quan tâm hàng đầu dù tiền bạc ngày nào cũng chạy đi mua quà tặng cho tình yêu và thuốc men cho sức khoẻ. \n    Nhưng thôi, đó là chuyện của người lớn - chuyện sau này. Còn tôi, lúc tám tuổi, tôi chỉ nhớ là tôi không thích ăn những món bổ dưỡng. Nhưng tất nhiên là tôi vẫn buộc phải ăn, dù là ăn trong miễn cưỡng và lười nhác, và đó là lý dó mẹ tôi luôn than thở về tôi. \n    Ăn xong phần ăn buổi sáng (chả sung sướng gì), tôi vội vàng truy lùng sách vở để nhét vào cặp, nhặt lên đầu tivi một quyển, trên đầu tủ lạnh một quyển khác và moi từ dưới đống chăn gối một quyển khác nữa, dĩ nhiên bao giờ cũng thiếu một món gì đó, rồi ba chân bốn cẳng chạy vù ra khỏi nhà. \n    Trường gần nhà nên tôi đi bộ, nhưng thực tế thì tôi chưa bao giờ được thưởng thức thú đi bộ tới trường. Tôi toàn phải chạy. Vì tôi luôn luôn dậy trễ, luôn luôn làm vệ sinh trễ, luôn luôn ăn sáng trễ và mất rất nhiều thì giờ để thu gom tập vở cho một buổi học. Về chuyện này, ba tôi bảo: \"Con à, hồi bằng tuổi con, bao giờ ba cũng xếp gọn gàng tập vở vào cặp trước khi đi ngủ, như vậy sáng hôm sau chỉ việc ôm cặp ra khỏi nhà!\". Nhưng hồi ba tôi bằng tuổi tôi thì tôi đâu có mặt trên cõi đời để kiểm tra những gì ông nói, bởi khi tôi bằng tuổi ba tôi bây giờ chắc chắn tôi cũng sẽ lặp lại với con tôi những điều ông nói với tôi - chuyện xếp tập vở trước khi đi ngủ và hàng đống những chuyện khác nữa, những chuyện mà tôi không hề làm. Chà, với những chuyện như thế này, bạn đừng bao giờ đòi hỏi phải chứng minh. Đôi khi vì một lý do nào đó mà chúng ta buộc phải bịa chuyện. Chúng ta cứ lặp lại mãi câu chuyện bịa đó cho đến một ngày chúng ta không nhớ có thật là chúng ta bịa nó ra hay không, rồi sau đó một thời gian nữa nếu cứ tiếp tục lặp lại câu chuyện đó nhiều lần thì chúng ta sẽ tin là nó có thật. Thậm chí còn hơn cả niềm tin thông thường, đó là niềm tin vô điều kiện, gần như là sự xác tín. Như các nhà toán học tin vào định đề Euclide hay các tín đồ Thiên Chúa tin vào sự sống lại của Jesus. \n    Ôi, nhưng đó cũng lại là những vấn đề của người lớn. \n    Tôi kể tiếp câu chuyện của tôi hồi tám tuổi. \n    Như vậy, ra khỏi nhà một lát thì tôi tới trường. \n    Trong lớp tôi luôn luôn ngồi ở bàn chót. Ngồi bàn chót thì tha hồ tán gẫu, cãi cọ, cấu véo hay giở đủ trò nghịch ngợm mà không sợ bị cô giáo phát hiện, nhưng điều hấp dẫn nhất ở vị trí tối tăm đó là ít khi bị kêu lên bảng trả bài. \n    Điều đó có quy luật của nó. Bạn nhớ lại đi, có phải bạn có rất nhiều bạn bè, yêu quí rất nhiều người nhưng không phải lúc noà bạn cũng nhớ tới họ. Bộ nhớ chúng ta quá nhỏ để chứa cùng lúc nhiều khuôn mặt hay nhiều cái tên, chỉ khi nào nhìn thấy người đó ngoài phố hay bắt gặp cái tên đó trong một mẩu tin trên báo chẳng hạn thì chúng ta mới chợt nhớ ra và cảm động thốt lên “Ôi, đã lâu lắm mình không gặp nó. Năm ngoái mình kẹt tiền, nó có cho mình vay năm trăm ngàn!”. \n     \n    Cô giáo của tôi cũng vậy thôi. Làm sao cô có thể nhớ tới tôi và kêu tôi lên bảng trả bài khi mà cô không thể nào nhìn thấy tôi giữa một đống đầu cổ lúc nhúc che chắn trước mặt. \n    Ngày nào cũng như ngày nào, tôi ngồi đó, vừa xì xầm trò chuyện vừa cựa quậy lung tung, và mong ngóng tiếng chuông ra chơi đến chết được. \n    Trong những năm tháng mà người ta gọi một cách văn hoa là mài đũng quần trên ghế nhà trường (tôi thì nói thẳng là bị giam cầm trong lớp học), tôi chẳng thích được giờ nào cả, từ giờ toán, giờ tập viết đến giờ tập đọc, giờ chính tả. Tôi chỉ thích mỗi giờ ra chơi. \n    Ra chơi có lẽ là điều tuyệt vời nhất mà người lớn có thể nghĩ ra cho trẻ con. Ra chơi có nghĩa là những lời vàng ngọc của thầy cô tuột khỏi trí nhớ nhanh như gió, hết sức trơn tru. Ra chơi có nghĩa là được tháo cũi sổ lồng (tất nhiên sau đó phải bấm bụng chu vào lại), là được tha hồ hít thở không khí tự do. \n    Suốt những năm đi học, tôi và lũ bạn đã sử dụng những khoảng khắc tự do hiếm hoi đó vào việc đá bóng, bắn bi, nhưng thường xuyên nhất và hăng hái nhấ là những trò rượt đuổi, đánh nhau hay vật nhau xuống đất cho đến khi không đứa nào còn ra hình thù một học sinh ngoan ngoãn nữa mới thôi, tức là lúc khuỷu tay đã trầy xước, mắt đã bầm tím, chân đi cà nhắc và áo quần thì trông còn tệ hơn mớ giẻ lau nhà. \n    Tại sao tôi không kể giờ ra về vào đây. Vì ra về có nghĩa là rời khỏi một nhà giam này để đến một nhà giam khác, y như người ta chuyển trại cho các tù nhân, có gì hay ho đâu. \n    Tôi không nói quá lên đâu, vì ngày nào chào đón tôi ở đầu ngõ cũng là khuôn mặt lo lắng của mẹ tôi và khuôn mặt hầm hầm của ba tôi. \n    - Trời ơi, sao ngày nào cũng ra nông nỗi này thế hả con? \n    Đại khái mẹ tôi nói thế, giọng thảng thốt, vừa nói vừa nắn nót cánh tay rướm máu của tôi như để xem nó sắp rụng khỏi người tôi chưa. \n    Ba tôi thì có cách nói khác, rất gần với cách rồng phun lửa: \n    - Mày lại đánh nhau rồi phải không? \n    - Con không đánh nhau. Tụi bạn đánh con và con đánh lại. \n    Tôi nói dối (mặc dù nói dối như thế còn thật hơn là nói thật) và khi ba tôi tiến về phía tôi với dáng điệu của một cơn bão cấp mười tiến vào đất liền thì mẹ tôi đã kịp kéo tôi ra xa: \n    - Ông ơi, con nó đã nát nhừ ra rồi! \n    Mẹ tôi có cách nói cường điệu rất giống tôi, tôi vừa chạy theo bà vừa cười thầm về điều đó. \n    Sau đó, không nói thì ai cũng biết là tôi bị mẹ tôi tống vào nhà tắm. Khi tôi đã tinh tươm và thơm phức như một ổ bánh mì mới ra lò thì mẹ tôi bắt đầu bôi lên người tôi đủ thứ thuốc xanh xanh đỏ đỏ khiến tôi chẳng mấy chốc đã rất giống một con tắc kè bông. \n    Dĩ nhiên là từ đó cho tới bữa cơm, tôi không được phép bước ra khỏi nhà để tránh phải sa vào những trò đánh nhau khác hấp dẫn không kém với bọn nhóc trong xóm, những đối thủ thay thế hết sức xứng đáng cho tụi bạn ở trường. \n    Ăn trưa xong thì tôi làm gì vào thời tôi tám tuổi? \n    Đi ngủ trưa! \n    Trên thế giới rộng lớn này, có lẽ có rất nhiều đứa nhóc trạc tuổi tôi đều bị các bậc phụ huynh cột chặt vào giấc ngủ trưa theo cái cách người ta cột bò vào cọc để chúng khỏi chạy lung tung mà hậu quả là thế nào hàng xóm cũng kéo đến nhà chửi bới om sòm. \n    Chứ thực ra với một đứa bé tám tuổi thì giấc ngủ trưa chẳng có giá trị gì về mặt sức khoẻ. Khi tôi lớn lên thì tôi phải công nhận giấc ngủ trưa đối với một người lớn tuổi đúng là quý hơn vàng. Lớn tuổi thì sức khoẻ suy giảm. Làm việc nhiều thì đầu nhức, mắt mờ, lưng mỏi, tay run, giấc ngủ ban đêm vẫn chưa đủ liều để sửa chữa thành công những chỗ hỏng hóc của cơ thể. Buổi trưa phải chợp mắt thêm một lát thì buổi chiều mới đủ tỉnh táo mà không nện búa vào tay hay hụt chân khi bước xuống cầu thang. \n     \n    Nhưng nếu bạn sống trên đời mới có tám năm thì bạn không có lý do chính đáng để coi trọng giấc ngủ trưa. Với những dân tộc không có thói quen ngủ trưa, như dân Mỹ chẳng hạn, trẻ con càng không tìm thấy chút xíu ý nghĩa nào trong việc phải leo lên giường sau giờ cơm trưa. \n    Hồi tôi tám tuổi dĩ nhiên tôi không có được cái nhìn thông thái như thế. Nhưng tôi cũng lờ mờ nhận ra khi ba tôi đi ngủ thì bôi buộc phải đi ngủ, giống như một con cừu còn thức thì người chăn cừu không yên tâm chợp mắt vậy. \n    Tôi nằm cựa quậy bên cạnh ông trên chiếc đi-văng, thở dài thườn thượt khi nghĩ đến những quả đấm mà lũ bạn nghịch ngợm đang vung lên ngoài kia. \n    - Đừng cựa quậy! Cựa quậy hoài thì sẽ không ngủ được! \n    Ba tôi nói, và tôi vờ nghe lời ông. Tôi không cựa quậy nhưng mắt vẫn mở thao láo. \n    - Đừng mở mắt! Mở mắt hoài thì sẽ không ngủ được! \n    Ba tôi lại nói, ông vẫn nằm ngay ngắn nên tôi nghĩ là ông không nhìn thấy tôi mở mắt, ông chỉ đoán thế thôi. Chẳng may cho tôi là lần nào ông cũng đoán đúng. \n    Tôi nhắm mắt lại, lim dim thôi, mi mắt vẫn còn hấp háy, nhưng tôi không thể nào bắt mi mắt tôi đừng hấp háy được. \n    Một lát, ba tôi hỏi: \n    - Con ngủ rồi phải không? \n    - Dạ rồi. \n    Tôi đáp, ngây ngô và ngoan ngoãn, rơi vào bẫy của ba tôi một cách dễ dàng. \n    Tôi nằm như vậy, thao thức một lát, tủi thân và sầu muộn, rồi thiếp đi lúc nào không hay. \n    Khi tôi thức dậy thì đường đời của tôi đã được vạch sẵn rồi. Tôi đi từ giường ngủ đến phòng tắm để rửa mặt rồi từ phòng tắm đi thăng tới bàn học để làm một công việc chán ngắt là học bài hoặc làm bài tập. \n    Thỉnh thoảng tôi cũng đựoc phép chạo ra đằng trước nhà chơi với lũ trẻ hàng xóm nhưng trước ánh mắt giám sát của mẹ tôi (từ một vị trí bí hiểm nào đó đằng sau các ô cửa mà mãi mãi tôi không khám phá được), tôi chỉ dám chơi những trò ẻo lả như nhảy lò cò hay bịt mắt bắt dê, đại khái là những trò dành cho bọn con gái hay khóc nhè. (Về sau, tinh khôn hơn, tôi đã biết cách ỉ ôi để mẹ tôi thả tôi qua nhà hàng xóm, nhờ đó một thời gian dài tôi đã có cơ hội làm những gì tôi thích). \n    Chơi một lát, tôi lại phải vào ngồi ê a tụng bài tiếp, càng tụng càng quên, nhưng vẫn cứ tụng cho mẹ yên lòng đi nấu cơm. \n    Từ giây phút này trở đi thì đời sống của tôi tẻ nhạt vô bờ bến. \n    Tôi uể oải học bài trong khi chờ cơm chín. Cơm chín rồi thì tôi uể oải ăn cơm trong khi chờ tiếp tục học bài. \n    Tivi tiveo hiếm khi tôi mó thay vào được, trông nó cứ như một thứ để trang trí. Bao giờ cũng vậy, tôi chỉ được rời khỏi bàn học khi nào tôi đã thuộc tất cả bài vở của ngày hôm sau. \n    Ba tôi là người trực tiếp kiểm tra điều đó. Khác với mẹ tôi, ba tôi là người kiên quyết đến mức tôi có thể cảm tưởng ông sẽ thăng tiến vùn vụt nếu vô ngành cảnh sát, toà án hay thuế vụ. Ông không bao giờ lùi bước trước những giọt nước mắt của tôi, dù lúc đó trông tôi rất giống một kẻ sầu đời đến mức chỉ cách cái chết có một bước chân. \n    - Con học bài xong rồi ba. - Thường thì tôi mở miệng trước. \n    Ba tôi tiến lại và nhìn tôi bằng ánh mắt nghi ngờ: \n    - Chắc không con? \n    - Dạ, chắc! \n    Tôi mau mắn đáp và khi ba tôi bắt đầu dò bài thì tôi lập tức phủ nhận sạch trơn sự quả quyết của mình bằng cách ngắc ngứ ngay ở chỗ mà tôi nghĩ dù có va đầu phải gốc cây tôi cũng không thể nào quên được. \n    - Học lại lần nữa đi con! \n    Ba tôi nhún vai nói và quay đi với tờ báo vẫn cầm chặt trên tay, rõ ràng ông muốn gửi đến tôi thông điệp rằng ông sãn sàng chờ đợi tôi cho dù ông buộc phải đọc tới mẩu rao vặt cuối cùng khi không còn gì để mà đọc nữa. \n    Qua cái cách ông vung vẩy tờ báo trên tay, tôi e rằng ẩn ý của ông còn đi xa hơn: có vẻ như nếu cần, ông sẽ bắt đầu đọc lại tờ báo đến lần thứ hai và hơn thế nữa. Nghĩ vậy, tôi đành vùi đầu vào những con chữ mà lúc này đối với tôi đã như những kẻ tử thù, tâm trạng đó càng khiến tôi khó mà ghi nhớ chúng vô đầu óc. \n    Cho nên các bạn cũng có thể đoán ra khi tôi đã thuộc tàm tạm, nghĩa là không trôi chảy lắm thì cơ thể tôi đã bị giấc ngủ đánh gục một cách không thương tiếc và thường thì tôi lết vào giường bằng những bước chân xiêu vẹo, nửa tỉnh nửa mê trước ánh mắt xót xa của mẹ tôi. \n    Như vậy, tóm lại là đã hết một ngày.',NULL,'done','2017-05-20 08:47:15',NULL),(2,1,'Chương 2','Bố mẹ tuyệt vời','chap-2','Bây giờ thì các bạn đã hình dung ra một ngày của tôi. \n    Tôi chỉ cần kể một ngày là đủ, không cần phải kể thêm những ngày khác. \n    Đơn giản là ngày nào cũng giống như ngày nào. Một ngày như mọi ngày, như người ta vẫn nói. \n    Và vì thế cuộc sống đối với tôi thật là đơn điệu, nếu sự lặp đi lặp lại là biểu hiện chính xác nhất và rõ rệt nhất của sự đơn điệu. \n    Mãi về sau này, tôi mới khám phá ra còn có cách nhìn khác về sự lặp đi lặp lại. Người ta gọi nó là sự ổn định. \n    Một công việc có thể sắp đặt trước, một sự nghiệp có thể tính toán trước, là niềm ao ước của rất nhiều người, nhiều quốc gia. \n    Tất nhiên sẽ thật là hay nếu tiên liệu được chỉ số tăng trưởng kinh tế của một đất nước nhưng nếu bạn cũng tiên liệu chính xác như thế về chỉ số tăng trưởng tình cảm của bản thân thì điều đó có khi lại chán ngắt. Sẽ thật kỳ cục nếu như bạn tin chắc rằng một tháng nữa bạn sẽ bắt đầu yêu, ba tháng sau bạn sẽ đang yêu – ít thôi, sáu tháng sau bạn sẽ yêu nhiều hơn... \n    Tôi từng thấy có nhiều người trẻ tuổi lên kế hoạch cho cuộc đời mình: 22 tuổi tốt nghiệp đại học, 25 tuổi lập gia đình, 27 tuổi mở công ty, 30 tuổi sinh con đầu lòng, vân vân và vân vân... Thật sít sao! Nhưng một khi cuộc đời một con người được lập trình chặt chẽ và khoa học đến thế thì nếu tất cả đều vào khuôn như dự tính liệu bạn có bão hoà về cảm xúc hay không? \n    Khi nói về cảm xúc có lẽ không thể không gắn nó với tính cách của từng người. Người lạc quan bảo rằng ổn định cái điều mà người bi quan cho là đơn điệu. Cuộc sống vợ chồng cũng thế thôi, kẻ thì bảo êm đềm, người thì cho vô vị, biết làm thế nào! Quả thật, hai vợ chồng mà sống với nhau êm đềm quá không khéo lại giống sự êm đềm giữa hai người hàng xóm lành tính, và người quá khích lại có dịp bô bô lên rằng êm đềm không hề bà con gì với hạnh phúc, biết nói làm sao! \n    Nhưng ôi thôi, tôi lại nói chuyện lúc tôi đã là người lớn mất rồi. Lại nói chuyện vợ chồng cấm kỵ vô đây nữa! \n    Tôi sẽ quay lại chủ đề của cuốn sách này, quay lại ngay đây, tức là nói cái chuyện tôi hồi tám tuổi. \n    Chuyện tôi sắp kể ra đây, khổ thay, cũng lại liên quan đến chuyện vợ chồng. Nhưng bên cạnh cái khổ cũng có cái may, đây chỉ là trò chơi vợ chồng thôi – cái trò mà đứa trẻ nào bằng tuổi tôi cũng rất thích chơi mặc dù khi lớn lên thì chúng rất dè chừng. \n    Tôi và con Tí sún cạnh nhà tôi là một cặp. \n    Tôi là chồng, con Tí sún là vợ. \n    Con Tí sún không đẹp đẽ gì, người đen nhẻm, tóc xoăn tít vì suốt ngày chạy nhảy ngoài nắng, đã thế lại sún răng. \n    Nhưng tôi sẵn sàng chấp nhận nó làm vợ tôi, chỉ vì nó thích tôi, tôi bảo gì nó cũng nghe răm rắp. Thật lòng, tôi thích con Tủn hơn, vì con Tủn xinh gái nhất xóm, lại có lúm đồng tiền. Nhưng tôi không cưới con Tủn bởi tôi thấy nó cứ hay cặp kè với thằng Hải cò. Sau này tôi biết đó là cảm giác ghen tuông, tất nhiên là ghen tuông theo kiểu trẻ con, còn lúc đó tôi chỉ cảm thấy khó chịu thôi. \n    Và tôi đùng đùng cưới con Tí sún, theo kiểu người lớn hay nói: cưới người yêu mình chứ không cưới người mình yêu, nhất là khi người mình yêu không có vẻ gì là yêu mình! \n    Tôi cưới con Tí sún chừng năm phút thì lập tức đẻ liền một lúc hai đứa con: thằng Hải cò và con Tủn. Ghét hai đứa nó thì bắt chúng làm con vậy thôi, chứ thằng Hải cò lớn hơn tôi một tuổi. \n    - Hải cò đâu?- Tôi kêu lớn. \n    - Dạ, ba gọi con. - Hải cò lon ton chạy tới. \n    Tôi ra oai: \n    - Rót cho ba miếng nước! \n    Thấy con Tủn che miệng cười khúc khích, Hải cò đâm bướng: \n    - Con đang học bài. \n    - Giờ này mà học bài hả? – Tôi quát ầm - Đồ lêu lổng! \n    Hải cò đưa tay ngoáy lỗ tai để nghe cho rõ: \n    - Học bài là lêu lổng? \n    - Chứ gì nữa! Không học bài làm bài gì hết! Con ngoan là phải chạy nhảy, trèo cây, tắm sông, đánh lộn! \n    Hải cò không ngờ vớ được một ông bố điên điên như thế, cười toét miệng: \n    - Vậy con đi đánh lộn đây! \n    Nói xong, nó co giò chạy mất. \n    Nhưng tôi không giận nó. Tôi đang khoái chí. Tôi tình cờ phát hiện ra cách làm cho cuộc sống bớt tẻ nhạt. \n    - Tủn! – Tôi hét. \n    - Dạ. Rót nước hả ba? \n    Tôi cười khảy: \n    - Mày đừng làm ra vẻ ta đây thông minh. Tao hết khát rồi. \n    Tôi nói như trút giận: \n    - Tao là đứa chúa ghét mấy đứa con nít thông minh, tức là mấy đứa học ài nhoáng một cái đã thuộc vanh vách! Hừm, làm như hay lắm! \n    Con Tủn không biết tôi muốn gì. Thấy tôi quát sùi bọt mép, nó sợ run: \n    - Dạ, con không thông minh. Con là đứa ngu đần. \n    Tôi hả hê: \n    - Vậy con mới đúng là con ngoan của ba. \n    Tôi móc túi lấy ra một cây kẹo bé tẹo còn sót lại từ hôm qua: \n    - Đây, ba thưởng cho con. \n    Con Tủn ngơ ngác cầm lấy cây kẹo, không hiểu tại sao ngu mà được thưởng nên không dám ăn. \n    Tôi đang tính bảo con Tủn “Ăn đi con” thì thằng Hải cò từ bên ngoài xồng xộc chạy vô, miệng thở hổn hển, làm như vừa đánh nhau thật. \n    - Con đi đánh lộn về đó hả con? – Tôi âu yếm hỏi. \n    - Dạ. - Hải cò phấn khởi – Con uýnh một lúc mười đứa luôn đó ba! \n    - Con thiệt là ngoan. – Tôi khen, và đưa mắt nhìn Hải cò từ đầu tới chân - Thế quần áo của con... \n    - Vẫn không sao ba à. - Hải cò hớn hở khoe – Con đập nhau với tụi nó mà quần áo vẫn lành lặn, thẳng thớm... \n    - Đồ khốn! – Tôi quát lớn, không cho Hải cò nói hết câu – Đánh nhau mà không rách áo, trầy chân, bầm mặt mà cũng gọi là đánh nhau hả? \n    Sự giận dữ bất ngờ của tôi làm Hải cò nghệt mặt một lúc. Nó chẳng biết phản ứng thế nào ngoài việc ấp a ấp úng: \n    - Dạ... dạ... ủa... ủa... \n    - Dạ dạ ủa ủa cái gì! Con thiệt là đứa hư hỏng! Con làm ba xấu hổ đến chết mất thôi! \n    Con Tí sún, vợ tôi, bắt đầu cảm thấy hoang mang trước lối dạy con của tôi: \n    - Ông à, con nó biết giữ gìn như thế là tốt rồi. \n    - Bà thì biết cái gì! – Tôi nạt con Tí sún, nước miếng bay vèo vèo may mà không trúng mặt nó – Đánh nhau chứ có phải đi dự tiệc đâu! Đánh nhau mà quần áo sạch sẽ thế kia thì có nhục cho tổ tiên không kia chứ! \n    Tôi đấm ngực binh binh: \n    - Ôi, chẳng thà nó chém tôi một dao cho rồi! Con ơi là con! Mày ra đây mà giết ba đi này con! \n    Thấy tôi tru tréo ghê quá, con Tí sún nín khe. \n    Trong khi thằng Hải cò cười hí hí thì con Tủn mặt đực ra như bị thằn lằn ị trúng mặt. Nó không biết làm gì với cây kẹo trên tay, rằng nên nhét vào túi áo hay bỏ vào miệng. Trông mặt nó hết sức lo lắng, có lẽ vì nó hoàn toàn không biết được hành động nào mới không bị ông bố gàn dở kia liệt vào loại “hư hỏng” hay tệ hơn, là “làm nhục tổ tiên”. \n    *** \n    Tụi bạn tôi chỉ ngạc nhiên hôm đầu tiên. Rồi như bất cứ một đứa trẻ chân chính nào, tụi nó nhanh chóng cảm nhận được sự thú vị của trò chơi tuyệt vời đó. \n    Hôm sau đến lượt thằng Hải cò và con Tủn đóng vai ba mẹ. Tôi và con Tí sún làm con. \n    Tối hôm trước Hải cò chắc thao thức suốt đêm, chờ trời sáng. Sáng ra tôi thấy mắt nó đỏ kè. Nếu hôm đó không phải là ngày chủ nhật, có lẽ Hải cò sẽ bị sự nôn nóng đốt thành than trước khi cả bọn đi học về. \n    - Thằng cu Mùi đâu? - Hải cò oang oang, giọng rất chi là hào hứng. \n    Cu Mùi là tên ở nhà của tôi. Ba mẹ tôi gọi tôi như thế có lẽ do tôi sinh năm Mùi. \n    - Dạ. – Tôi ứng tiếng thưa. \n    - Con đem tập vở ra đây cho ba xem nào. \n    Tôi lôi cuốn tập nhét trong lưng quần, hồi hộp đưa cho Hải cò, bụng cố đoán xem nó định “dạy dỗ”tôi như thế nào. \n    Lật lật vài trang, Hải cò hét ầm: \n    - Cu Mùi! \n    Tôi lấm lét nhìn nó: \n    - Dạ. \n    Hải cò đập tay xuống bàn một cái rầm: \n    - Con học hành cách sao mà tập vở trắng tinh như thế hả? \n    Tôi chưa kịp đáp, nó thẳng tay ném cuốn tập qua cửa sổ, gầm gừ: \n    - Học với chả hành! Mày giữ gìn tập vở sạch sẽ như thế này mày không sợ thầy cô bảo ba mẹ mày không biết dạy con hả, thằng kia? \n    Tôi bị mắng như tát nước vào mặt mà ruột nở từng khúc. Tôi không ngờ Hải cò là một ông bố tuyệt vời đến thế. \n    Tôi hân hoan nhận lỗi: \n    - Thưa ba, lần này con trót dại. Lần sau con không dám giữ gìn tập vở kỹ lưỡng như vậy nữa. \n    Tôi nói, và đảo mắt nhìn quanh, thấy đằng góc nhà con Tủn và con Tí sún đưa tay bụm miệng cố nén cười. \n    - Cái con nhóc sún răng kia! Cười cái gì! - Hải cò lừ mắt nhìn con Tí sún – Mày nấu cơm xong chưa mà đứng đó nhe răng sún ra cười hả? \n    Con Tí sún lễ phép: \n    - Dạ, con đã dọn cơm rồi. Mời ba mẹ và anh Hai ăn cơm. \n    - Mày có điên không vậy con! - Hải cò giơ hai tay lên trời - Đến giờ cơm là ngồi vô ăn, chỉ có kẻ không được giáo dục đến nơi đến chốn mới làm như vậy, hiểu chưa? \n    - - Dạ, chưa hiểu. – Con Tí sún thật thà - Chứ kẻ có giáo dục thì đến giờ cơm họ làm gì hả ba? \n    - Họ đi chơi chứ làm gì. - Hải cò khoa tay như một diễn giả - Họ đi bơi, họ chơi bi-da, họ câu cá, họ chơi rượt bắt hoặc đánh nhau, nói chung họ có thể làm bất cứ chuyện gì để người khác phải đợi cơm, trừ cái chuỵên hết sứ vô văn hoá là ngồi vô bàn ăn. \n    Con Tủn tỉnh bơ đế vô: \n    - Ba con nói đúng đó con. Chỉ có bọn hư hỏng mới ăn cơm đúng giờ thôi! \n    *** \n    Lúc đầu, tôi tưởng chỉ có mình tôi khoái cái trò điên điên này. Hoá ra đứa nào cũng khoái. Trong bọn, con Tí sún là đứa hiền lành và chậm chạp nhất nhưng qua đến ngày thứ 3, nó cũng kịp thích ứng với hoàn cảnh bằng cách chỉnh thẳng Hải cò ra trận khi tới lượt nó làm mẹ. \n    2 lần 4 là mấy? \n    - Dạ, là 8. \n    Con Tí sún không quát tháo om sòm như tôi và Hải cò, nhưng mặt nó trông thật thiểu não: \n    - Sao lại là 8 hả con? Thật uổng công mẹ cho con ăn học! \n    Hải cò chớp mắt: \n    - Chứ là mấy? \n    - Là mấy cũng được nhưng không phải là 8. \n    - Mẹ ơi, theo bản cửu chương thì 2 lần 4 là 8. \n    - Mày là con vẹt hả? Bản cửu chương bảo gì mày nghe nấy là sao? Thế mày không có cái đầu à? \n    Hải cò sờ tay lên đầu, hối hận: \n    - Con đúng là một đứa không có đầu óc. Lần sau con sẽ không nghe theo bất cứ ai nữa, dù đó là bản cửu chương hay thầy cô giáo. Con hứa với mẹ con sẽ tự suy cái đầu của con. \n    Câu nói của Hải cò được coi như tuyên bố chung của cả bọn, kết thúc một thời kỳ tăm tối chỉ biết sống dựa vào sự bảo ban của người khác. Ôi, cuộc sống kể từ lúc đó mới thật đáng sống làm sao! \n    Nhưng như người ta thường nói “niềm vui ngắn chẳng tày gang”: vào cái ngày Hải cò mang bộ mặt ủ ê đến gặp tôi, chúng tôi chợt nhận ra cuộc sống vẫn xám xịt như thể xưa nay một năm vẫncó tới bốn mùa đông. \n    - Mày sao thế? Mới bị ăn đòn à? – Tôi tò mò hỏi. \n    - Ừ. Vì cái tội dám bảo chỉ có đứa đần độn mới giữ gìn tập vở sạch sẽ. \n    Con Tí sún xuất hiện với bộ mặt thảm sầu: \n    - Còn mình bị ba mình phạt vì khăng khăng 3 lần 5 không phải là 15. \n    Con Tủn góp vào hai hàng nước mắt và tiếng thút thít: \n    - Còn mình thì mặc cho ba mẹ kêu khản cả cổ, mình nhất định không chạy về ăn trưa. \n    Tôi lướt mắt nhìn ba đứa bạn, lặng lẽ thở dài. \n    Tôi tập tành làm nhà cách mạng bé con, chán nản khi không thay đổi được thế giới, đã thế còn làm vạ lây cho người khác. \n    Cho nên tôi không ủ ê, không thảm sầu, không thút thít và rưng rưng hai hàng nước mắt. \n    Nỗi đau của tôi lặn vào bên trong. Nó sâu sắc hơn, ít nhất là bằng nỗi đau của ba đứa bạn cộng lại. \n    Vì ngày hôm qua tôi bị ăn đòn vì phạm cùng lúc cả ba tội trên kia.',NULL,'done','2017-05-20 08:47:15',NULL),(3,2,NULL,NULL,'','Chuyện kể rằng nơi thảo nguyên xa xôi, có một cây cỏ xanh nhỏ bé, hát ngân nga trong những cơn gió nhẹ, bài tình ca tặng cây bụi đứng bên. Cây bụi ơi sao chẳng ngoái nhìn, cứ mải mê ngóng những ong và bướm, cứ buồn bã vì mình không có được nét rực rỡ hướng dương hay thơm ngát nụ hồng… Cây bụi không biết có một kẻ hết lòng, tặng cho Cây cả tình yêu, niềm tin, hy vọng, dồn màu xanh vào ba cánh trái tim căng mọng, yêu đơn phương không mong đợi điều chi.\n\nMỗi ngày mới khi màn đêm vừa đi, Cỏ ba lá ngước nhìn mặt trời với khát khao duy nhất, vầng dương ơi hãy lắng nghe tiếng lòng em chân thật, nguyện làm tất cả để Cây bụi được vui.. có thể chăng ban một đoá hoa thôi, là Cây bụi sẽ có được tình yêu của ong và bướm. Cỏ ba lá nhỏ nhoi nhưng tình yêu rộng lớn, có thể làm gì để thực hiện ước mơ? Trên thảo nguyên mây trắng vẫn lững lờ, gió bay qua thì thầm “cần một điều may mắn… chỉ khi nào Cỏ có bốn lá thôi…”\n\nCỏ chợt buồn vì điều đó quá xa xôi, vậy ra trong cuộc đời không chỉ cần có tình yêu, niềm tin, hy vọng… Khẽ nghiêng mình ngắm ba trái tim bé bỏng, làm sao có được một lá thứ tư? Cây bụi đứng bên vẫn ủ rũ trầm tư, Cỏ ba lá run run “vì cây em sẽ…” Cây bụi vô tâm không nghe thấy có âm thanh rất nhẹ…tiếng một trái tim vừa tự vỡ làm đôi. Cỏ ba lá giờ có bốn cánh rồi, cây bụi nở bừng những bông hoa sặc sỡ, vui sướng hân hoan trong nắng vàng rạng rỡ, đâu biết dưới chân Cỏ đang héo dần đi…\n\nHạnh phúc khi yêu là được cho đi... tình yêu đó lớn đến vỡ đôi trái tim em xanh mướt, để nhắn nhủ những ai đang kiếm tìm: may mắn không tự nhiên có được, mà đến từ tình yêu và những trái tim biết sống vị tha.',NULL,'done','2017-05-20 08:55:08',NULL),(4,3,NULL,NULL,'','abc',NULL,NULL,NULL,NULL);
/*!40000 ALTER TABLE `chapter` ENABLE KEYS */;
UNLOCK TABLES;

--
-- Table structure for table `story`
--

DROP TABLE IF EXISTS `story`;
/*!40101 SET @saved_cs_client     = @@character_set_client */;
/*!40101 SET character_set_client = utf8 */;
CREATE TABLE `story` (
  `story_id` int(11) NOT NULL AUTO_INCREMENT,
  `story_name` varchar(500) CHARACTER SET utf8 DEFAULT NULL,
  `category_id` int(11) DEFAULT NULL,
  `description` varchar(1000) CHARACTER SET utf8 DEFAULT NULL,
  `author` varchar(45) CHARACTER SET utf8 DEFAULT NULL,
  `cover` varchar(45) COLLATE utf8_unicode_ci DEFAULT NULL,
  `other_name` varchar(200) CHARACTER SET utf8 DEFAULT NULL,
  `view` int(11) DEFAULT '0',
  `create_time` datetime DEFAULT NULL,
  `update_time` datetime DEFAULT NULL,
  `slug` varchar(500) COLLATE utf8_unicode_ci DEFAULT NULL,
  `status` varchar(50) COLLATE utf8_unicode_ci DEFAULT NULL,
  `like` int(11) DEFAULT '0',
  PRIMARY KEY (`story_id`)
) ENGINE=InnoDB AUTO_INCREMENT=440 DEFAULT CHARSET=utf8 COLLATE=utf8_unicode_ci;
/*!40101 SET character_set_client = @saved_cs_client */;

--
-- Dumping data for table `story`
--

LOCK TABLES `story` WRITE;
/*!40000 ALTER TABLE `story` DISABLE KEYS */;
INSERT INTO `story` VALUES (1,'Cho tôi một vé đi tuổi thơ',1,'<p><strong>Cho tôi xin một vé đi tuổi thơ</strong> là một trong những truyện dài thành công nhất của nhà văn Nguyễn Nhật Ánh. Tác phẩm nhận được Giải thưởng Văn học Asean năm 2010.\r</p><p> Tác phẩm gồm những câu chuyện nhỏ xoay xung quanh 4 đứa trẻ trong \r cùng một khu xóm là con Tủn, con Tí sún, thằng Hải còi và thằng cu Mùi. \r Trong đó, người kể chuyện là cu Mùi dưới hình thức kể song song của \r \"thằng cu Mùi\" lúc bé và nhận xét, đánh giá hết sức hóm hỉnh của \"ông \r Mùi\" khi đã gần 50 tuổi. Tác phẩm gồm 12 chương là 12 câu chuyện khác \r nhau.</p> \r<p> \"Tôi viết cuốn sách này không dành cho trẻ em. Tôi viết cho những ai từng là trẻ em.\" trích Nguyễn Nhật Ánh</p>','Nguyễn Nhật Ánh',NULL,NULL,0,'2017-05-20 08:49:49',NULL,'cho-toi-xin-mot-ve-di-tuoi-tho','doing',0),(2,'Sự tích cỏ ba lá',3,NULL,NULL,NULL,NULL,0,NULL,NULL,'su-tich-co-ba-la',NULL,0),(3,'Redhold',1,'text/plain','Tomlin Fyfield','http://dummyimage.com/206x120.jpg/dddddd/0000','109.58.41.110',6410,'2017-03-17 00:00:00','2017-03-01 00:00:00','red','text/plain',0),(4,'Voyatouch',1,'text/plain','Nelson Beckers','http://dummyimage.com/106x164.jpg/5fa2dd/ffff','237.138.249.54',8355,'2017-05-22 00:00:00','2017-01-11 00:00:00','/ipsum/integer/a/nibh/in.png','text/plain',0),(5,'Lotstring',1,'text/plain','Amanda Brucker','http://dummyimage.com/127x115.bmp/5fa2dd/ffff','189.65.185.43',35,'2016-08-27 00:00:00','2017-04-03 00:00:00','/massa/id/nisl/venenatis/lacinia/aenean/sit.aspx','text/plain',0),(6,'Fixflex',1,'text/plain','Bethany Nock','http://dummyimage.com/131x240.bmp/ff4444/ffff','88.50.20.55',52,'2016-10-30 00:00:00','2016-12-11 00:00:00','/pede/justo/eu.json','text/plain',0),(7,'Viva',1,'text/plain','Jeremy Jerred','http://dummyimage.com/159x129.jpg/cc0000/ffff','97.227.185.47',8,'2016-10-24 00:00:00','2017-02-06 00:00:00','/neque/aenean/auctor/gravida/sem/praesent.xml','text/plain',0),(8,'Greenlam',1,'text/plain','Brena Burgwyn','http://dummyimage.com/204x223.jpg/ff4444/ffff','166.219.77.90',11,'2016-06-07 00:00:00','2016-09-16 00:00:00','/sed.html','text/plain',0),(9,'Tresom',1,'text/plain','Franz Harnett','http://dummyimage.com/132x113.jpg/5fa2dd/ffff','6.23.197.128',2786,'2017-03-28 00:00:00','2016-09-27 00:00:00','/venenatis/non/sodales/sed/tincidunt/eu/felis.html','text/plain',0),(10,'Alpha',1,'text/plain','Bink Elderkin','http://dummyimage.com/126x208.png/5fa2dd/ffff','237.1.72.185',66522,'2016-10-12 00:00:00','2017-03-19 00:00:00','/imperdiet.js','text/plain',0),(11,'Voyatouch',1,'text/plain','Garrot Edison','http://dummyimage.com/240x128.png/ff4444/ffff','56.94.41.121',3,'2016-11-06 00:00:00','2016-12-09 00:00:00','/nisl/duis/ac/nibh/fusce/lacus/purus.html','text/plain',0),(12,'Sub-Ex',1,'text/plain','Frannie Cancellieri','http://dummyimage.com/237x101.png/ff4444/ffff','29.132.139.95',69,'2016-11-10 00:00:00','2017-04-06 00:00:00','/rhoncus/aliquam/lacus.png','text/plain',0),(13,'Tresom',1,'text/plain','Gabi Leaton','http://dummyimage.com/113x192.jpg/dddddd/0000','151.14.214.64',4876,'2016-06-18 00:00:00','2016-07-01 00:00:00','/molestie/nibh/in.js','text/plain',0),(14,'Duobam',1,'text/plain','Millisent Gideon','http://dummyimage.com/182x224.bmp/5fa2dd/ffff','1.69.54.243',4807,'2017-01-30 00:00:00','2017-01-13 00:00:00','/posuere/felis/sed.json','text/plain',0),(15,'Tampflex',1,'text/plain','Kelci Cattemull','http://dummyimage.com/161x231.jpg/dddddd/0000','102.29.23.67',54,'2017-05-03 00:00:00','2016-11-17 00:00:00','/tincidunt/lacus/at/velit/vivamus/vel/nulla.json','text/plain',0),(16,'Sub-Ex',1,'text/plain','Eduino Fortune','http://dummyimage.com/125x105.bmp/5fa2dd/ffff','15.99.207.76',13,'2016-06-19 00:00:00','2017-01-30 00:00:00','/nulla/elit/ac/nulla/sed/vel/enim.json','text/plain',0),(17,'Bamity',1,'text/plain','Kristal Jeacop','http://dummyimage.com/106x142.bmp/ff4444/ffff','56.2.117.89',8,'2016-07-07 00:00:00','2017-02-18 00:00:00','/mauris/sit/amet/eros.aspx','text/plain',0),(18,'Treeflex',1,'text/plain','Dacey Pallesen','http://dummyimage.com/210x185.bmp/5fa2dd/ffff','28.81.155.252',75,'2016-07-25 00:00:00','2016-10-18 00:00:00','/morbi/odio/odio/elementum/eu.json','text/plain',0),(19,'Wrapsafe',1,'text/plain','Tomaso Muscroft','http://dummyimage.com/210x223.jpg/5fa2dd/ffff','162.85.177.184',4,'2016-11-25 00:00:00','2016-05-28 00:00:00','/tristique/in/tempus/sit/amet/sem.jsp','text/plain',0),(20,'Biodex',1,'text/plain','Sybyl O\'Dogherty','http://dummyimage.com/159x231.png/dddddd/0000','41.15.118.48',35,'2017-03-19 00:00:00','2017-01-26 00:00:00','/eget/massa/tempor.html','text/plain',0),(21,'Pannier',1,'text/plain','Veda Hollingsby','http://dummyimage.com/201x125.png/cc0000/ffff','241.51.81.189',1,'2016-11-13 00:00:00','2017-05-10 00:00:00','/iaculis/justo.jsp','text/plain',0),(22,'Greenlam',1,'text/plain','Maximilianus Razoux','http://dummyimage.com/229x234.png/cc0000/ffff','81.31.113.86',89163,'2016-08-25 00:00:00','2016-10-27 00:00:00','/erat.jpg','text/plain',0),(23,'Wrapsafe',1,'text/plain','Uri Busher','http://dummyimage.com/239x177.jpg/cc0000/ffff','151.217.115.208',2044,'2016-09-15 00:00:00','2017-04-03 00:00:00','/ornare/consequat/lectus/in/est.xml','text/plain',0),(24,'Bitwolf',1,'text/plain','Jeri Noquet','http://dummyimage.com/176x155.bmp/cc0000/ffff','88.83.236.128',9149,'2016-09-23 00:00:00','2016-10-03 00:00:00','/aliquam/non.jsp','text/plain',0),(25,'Y-find',1,'text/plain','Cletis Pagett','http://dummyimage.com/108x116.bmp/cc0000/ffff','207.62.2.64',4099,'2016-09-07 00:00:00','2016-07-17 00:00:00','/blandit/ultrices/enim/lorem/ipsum/dolor.json','text/plain',0),(26,NULL,0,NULL,NULL,NULL,NULL,0,NULL,NULL,NULL,NULL,0),(27,'Andalax',1,'text/plain','Calhoun Popov','http://dummyimage.com/125x248.bmp/cc0000/ffff','107.82.216.92',3601,'2016-10-08 00:00:00','2017-01-14 00:00:00','/massa/id/lobortis/convallis/tortor/risus/dapibus.jpg','text/plain',0),(28,'Span',1,'text/plain','Jayme Kinforth','http://dummyimage.com/230x116.jpg/5fa2dd/ffff','226.224.236.27',67125,'2016-08-15 00:00:00','2016-06-18 00:00:00','/nisl/venenatis.jsp','text/plain',0),(29,'Solarbreeze',1,'text/plain','Torre Betty','http://dummyimage.com/215x234.jpg/ff4444/ffff','250.98.89.21',8,'2017-01-30 00:00:00','2016-12-02 00:00:00','/sapien/cum/sociis.png','text/plain',0),(30,'Sub-Ex',1,'text/plain','Virgie Dod','http://dummyimage.com/177x158.png/ff4444/ffff','64.248.186.14',4,'2017-03-14 00:00:00','2016-07-21 00:00:00','/massa/tempor/convallis/nulla/neque/libero/convallis.jsp','text/plain',0),(31,'Vagram',1,'text/plain','Inger Rosbotham','http://dummyimage.com/232x103.png/ff4444/ffff','36.144.114.23',47390,'2016-06-05 00:00:00','2016-12-23 00:00:00','/at/turpis/donec/posuere/metus/vitae.js','text/plain',0),(32,'Zoolab',1,'text/plain','Byran Meachem','http://dummyimage.com/138x145.jpg/ff4444/ffff','152.52.6.151',4,'2017-01-14 00:00:00','2016-06-20 00:00:00','/dui/proin/leo.js','text/plain',0),(33,'Fix San',1,'text/plain','Chryste Phillcox','http://dummyimage.com/106x167.jpg/5fa2dd/ffff','61.146.79.149',89778,'2016-07-24 00:00:00','2016-11-10 00:00:00','/id/mauris/vulputate/elementum/nullam/varius/nulla.jpg','text/plain',0),(34,'Y-find',1,'text/plain','Charlotte Boother','http://dummyimage.com/174x165.bmp/dddddd/0000','9.185.208.22',14913,'2017-01-03 00:00:00','2016-11-04 00:00:00','/posuere/nonummy/integer/non/velit/donec.jpg','text/plain',0),(35,'Subin',1,'text/plain','Skip Tilson','http://dummyimage.com/223x213.png/ff4444/ffff','191.254.181.30',3,'2016-07-18 00:00:00','2016-07-30 00:00:00','/in/faucibus.json','text/plain',0),(36,'Voyatouch',1,'text/plain','Emilia Gaddesby','http://dummyimage.com/141x155.jpg/ff4444/ffff','49.147.19.212',85,'2016-10-24 00:00:00','2017-04-23 00:00:00','/libero/rutrum/ac/lobortis.aspx','text/plain',0),(37,'Zoolab',1,'text/plain','Kaja Klauber','http://dummyimage.com/203x147.jpg/cc0000/ffff','124.57.63.187',50,'2017-05-11 00:00:00','2016-08-04 00:00:00','/posuere/felis/sed.aspx','text/plain',0),(38,'Bamity',1,'text/plain','Ethelyn Brigdale','http://dummyimage.com/160x250.jpg/dddddd/0000','49.103.33.243',34,'2016-12-02 00:00:00','2016-12-01 00:00:00','/nascetur/ridiculus.html','text/plain',0),(39,'Y-find',1,'text/plain','Eleni Hanse','http://dummyimage.com/217x109.jpg/cc0000/ffff','226.87.7.112',2021,'2017-01-12 00:00:00','2017-01-18 00:00:00','/mus/etiam.jpg','text/plain',0),(40,'Ventosanzap',1,'text/plain','Patrick Oakenford','http://dummyimage.com/249x186.jpg/5fa2dd/ffff','107.23.200.210',8,'2017-02-17 00:00:00','2016-11-13 00:00:00','/tristique.json','text/plain',0),(41,'Tampflex',1,'text/plain','Ilysa Honniebal','http://dummyimage.com/216x190.bmp/cc0000/ffff','188.144.188.174',2,'2016-10-06 00:00:00','2017-03-24 00:00:00','/sit/amet/erat.json','text/plain',0),(42,'Hatity',1,'text/plain','Lee Learmond','http://dummyimage.com/205x142.jpg/5fa2dd/ffff','182.154.148.195',85,'2016-11-29 00:00:00','2016-11-01 00:00:00','/tempus/semper/est/quam/pharetra.png','text/plain',0),(43,'Alpha',1,'text/plain','Jeanine Few','http://dummyimage.com/100x111.png/5fa2dd/ffff','250.167.84.146',54,'2017-04-12 00:00:00','2016-10-04 00:00:00','/eget/orci/vehicula/condimentum/curabitur/in.jsp','text/plain',0),(44,'Bigtax',1,'text/plain','Tiffany Pergens','http://dummyimage.com/160x229.bmp/ff4444/ffff','177.113.60.110',258,'2016-12-13 00:00:00','2017-04-01 00:00:00','/sed/vestibulum/sit/amet/cursus/id.jsp','text/plain',0),(45,'Transcof',1,'text/plain','Kania Freeman','http://dummyimage.com/101x217.bmp/dddddd/0000','56.181.246.27',5,'2017-03-16 00:00:00','2016-07-10 00:00:00','/vel/pede/morbi/porttitor.png','text/plain',0),(46,'Span',1,'text/plain','Malva Laurenzi','http://dummyimage.com/105x231.jpg/ff4444/ffff','240.135.233.69',40224,'2016-11-16 00:00:00','2016-05-27 00:00:00','/tempus/vivamus/in.jsp','text/plain',0),(47,'Sonsing',1,'text/plain','Lorilee Trim','http://dummyimage.com/234x112.bmp/dddddd/0000','126.91.35.44',6314,'2017-05-12 00:00:00','2016-09-18 00:00:00','/nisl/duis/ac/nibh/fusce.xml','text/plain',0),(48,'Sonsing',1,'text/plain','Mayor Gristock','http://dummyimage.com/193x119.jpg/dddddd/0000','25.222.207.93',6328,'2016-11-23 00:00:00','2016-06-03 00:00:00','/sem/praesent/id/massa.html','text/plain',0),(49,'Y-find',1,'text/plain','Anette Imesen','http://dummyimage.com/188x155.jpg/ff4444/ffff','221.97.213.159',8,'2016-12-11 00:00:00','2016-10-09 00:00:00','/turpis/enim/blandit/mi/in.js','text/plain',0),(50,'Bitchip',1,'text/plain','Putnam Dadd','http://dummyimage.com/193x138.bmp/dddddd/0000','36.138.13.230',41,'2016-07-15 00:00:00','2016-11-26 00:00:00','/nam/nulla.json','text/plain',0),(51,'Zathin',1,'text/plain','Morty Shepperd','http://dummyimage.com/119x209.bmp/cc0000/ffff','77.211.85.193',24,'2017-05-06 00:00:00','2017-04-28 00:00:00','/est.jpg','text/plain',0),(52,'Overhold',1,'text/plain','Christel Blaker','http://dummyimage.com/237x129.jpg/ff4444/ffff','128.169.112.222',9,'2016-09-01 00:00:00','2016-11-26 00:00:00','/id.aspx','text/plain',0),(53,'Stronghold',1,'text/plain','Blondy Ledram','http://dummyimage.com/224x127.png/dddddd/0000','254.227.202.91',23755,'2017-02-23 00:00:00','2017-03-21 00:00:00','/ac/tellus.jsp','text/plain',0),(54,'Otcom',1,'text/plain','Kalil Janoschek','http://dummyimage.com/129x217.png/ff4444/ffff','158.160.212.228',92212,'2016-08-30 00:00:00','2017-03-22 00:00:00','/nullam/varius.html','text/plain',0),(55,'Bitchip',1,'text/plain','Ripley Cankett','http://dummyimage.com/145x119.jpg/5fa2dd/ffff','47.7.86.184',5221,'2017-04-18 00:00:00','2017-01-07 00:00:00','/nullam/molestie/nibh/in/lectus.json','text/plain',0),(56,'Veribet',1,'text/plain','Kary McWhin','http://dummyimage.com/221x241.bmp/cc0000/ffff','119.196.239.174',656,'2017-05-19 00:00:00','2016-08-02 00:00:00','/fusce/lacus/purus/aliquet/at.jpg','text/plain',0),(57,'Solarbreeze',1,'text/plain','Issi MacPhaden','http://dummyimage.com/204x226.png/5fa2dd/ffff','167.209.185.195',52913,'2016-08-30 00:00:00','2016-12-24 00:00:00','/sit.js','text/plain',0),(58,'Temp',1,'text/plain','Kori Hizir','http://dummyimage.com/217x118.bmp/5fa2dd/ffff','108.161.244.199',623,'2017-03-04 00:00:00','2016-12-21 00:00:00','/felis/eu/sapien/cursus/vestibulum.png','text/plain',0),(59,'Wrapsafe',1,'text/plain','Mair Pugh','http://dummyimage.com/110x158.bmp/ff4444/ffff','199.89.25.22',9,'2017-03-17 00:00:00','2017-05-25 00:00:00','/aliquet.aspx','text/plain',0),(60,'Wrapsafe',1,'text/plain','Collen Beggini','http://dummyimage.com/141x219.jpg/ff4444/ffff','243.162.99.176',16,'2017-03-20 00:00:00','2016-11-25 00:00:00','/cubilia/curae/duis/faucibus/accumsan/odio/curabitur.js','text/plain',0),(61,'Toughjoyfax',1,'text/plain','Farrand Krauss','http://dummyimage.com/203x202.png/ff4444/ffff','227.232.35.47',9,'2017-02-19 00:00:00','2016-08-19 00:00:00','/maecenas/tristique/est.xml','text/plain',0),(62,'Andalax',1,'text/plain','Alissa Chat','http://dummyimage.com/133x124.jpg/cc0000/ffff','163.11.205.226',3,'2017-04-24 00:00:00','2017-05-08 00:00:00','/nulla/nisl/nunc/nisl.xml','text/plain',0),(63,'Fix San',1,'text/plain','Marillin Kernar','http://dummyimage.com/244x243.png/cc0000/ffff','15.41.107.10',670,'2017-03-10 00:00:00','2017-01-16 00:00:00','/sollicitudin.xml','text/plain',0),(64,'Zontrax',1,'text/plain','Cynthea Fitzsymonds','http://dummyimage.com/188x180.jpg/5fa2dd/ffff','39.139.20.18',702,'2016-12-22 00:00:00','2016-06-11 00:00:00','/rhoncus.png','text/plain',0),(65,'Regrant',1,'text/plain','Maureen Brettell','http://dummyimage.com/183x222.jpg/5fa2dd/ffff','89.145.118.1',11,'2016-05-29 00:00:00','2016-11-15 00:00:00','/quam/a/odio/in.xml','text/plain',0),(66,'Lotstring',1,'text/plain','Adelaide Egre','http://dummyimage.com/190x188.bmp/dddddd/0000','31.8.69.230',6,'2017-05-09 00:00:00','2016-09-26 00:00:00','/sapien/arcu/sed/augue.json','text/plain',0),(67,'Overhold',1,'text/plain','Desmund Vinck','http://dummyimage.com/242x182.jpg/ff4444/ffff','162.24.96.154',0,'2016-11-23 00:00:00','2016-07-13 00:00:00','/gravida/sem/praesent.aspx','text/plain',0),(68,'Stronghold',1,'text/plain','Kristian Pinnock','http://dummyimage.com/231x129.bmp/5fa2dd/ffff','196.78.226.143',43,'2017-03-20 00:00:00','2016-06-13 00:00:00','/sodales.js','text/plain',0),(69,'Voyatouch',1,'text/plain','Josias Dunthorne','http://dummyimage.com/134x187.png/5fa2dd/ffff','19.249.137.4',137,'2016-11-13 00:00:00','2017-05-11 00:00:00','/etiam/faucibus/cursus/urna/ut/tellus/nulla.png','text/plain',0),(70,'Tin',1,'text/plain','Florri Bloan','http://dummyimage.com/221x171.jpg/5fa2dd/ffff','154.126.219.80',86234,'2016-09-15 00:00:00','2017-04-04 00:00:00','/nulla/justo/aliquam/quis/turpis/eget.jpg','text/plain',0),(71,'Subin',1,'text/plain','Bartholemy Carty','http://dummyimage.com/173x199.bmp/dddddd/0000','34.211.23.123',5972,'2016-12-12 00:00:00','2016-11-02 00:00:00','/suspendisse/accumsan.xml','text/plain',0),(72,'Trippledex',1,'text/plain','Pattie Lumpkin','http://dummyimage.com/158x144.jpg/cc0000/ffff','67.209.34.145',5900,'2016-07-31 00:00:00','2016-09-17 00:00:00','/eu/sapien/cursus/vestibulum/proin/eu.json','text/plain',0),(73,'Y-Solowarm',1,'text/plain','Jedidiah Rosser','http://dummyimage.com/241x248.jpg/5fa2dd/ffff','129.111.145.198',3376,'2016-11-20 00:00:00','2016-05-29 00:00:00','/in/hac/habitasse/platea.png','text/plain',0),(74,'Pannier',1,'text/plain','Madella Haspineall','http://dummyimage.com/233x198.png/dddddd/0000','236.78.141.131',298,'2017-05-09 00:00:00','2016-11-24 00:00:00','/pede/posuere/nonummy/integer/non/velit/donec.js','text/plain',0),(75,'Mat Lam Tam',1,'text/plain','Lilias Pitchers','http://dummyimage.com/103x107.bmp/ff4444/ffff','242.172.46.125',10,'2017-02-28 00:00:00','2016-09-30 00:00:00','/et/magnis/dis/parturient/montes/nascetur/ridiculus.jpg','text/plain',0),(76,'Prodder',1,'text/plain','Edsel Fenech','http://dummyimage.com/147x176.jpg/dddddd/0000','197.151.203.130',46,'2016-09-17 00:00:00','2016-11-23 00:00:00','/libero.aspx','text/plain',0),(77,'Aerified',1,'text/plain','Valentin Tizzard','http://dummyimage.com/163x121.jpg/cc0000/ffff','94.146.233.138',26,'2016-10-23 00:00:00','2017-04-28 00:00:00','/erat/nulla/tempus.json','text/plain',0),(78,'Overhold',1,'text/plain','Nicoline Coverdale','http://dummyimage.com/144x231.png/cc0000/ffff','152.2.111.210',3,'2017-02-27 00:00:00','2016-10-21 00:00:00','/integer/ac/neque/duis/bibendum.json','text/plain',0),(79,'Duobam',1,'text/plain','Vickie Shekle','http://dummyimage.com/122x150.bmp/cc0000/ffff','98.230.252.100',9,'2017-03-03 00:00:00','2017-03-21 00:00:00','/odio/donec/vitae/nisi/nam/ultrices/libero.jsp','text/plain',0),(80,'Fix San',1,'text/plain','Constantia Iley','http://dummyimage.com/122x119.bmp/ff4444/ffff','127.32.16.234',578,'2017-02-18 00:00:00','2016-12-02 00:00:00','/proin/eu/mi/nulla/ac.js','text/plain',0),(81,'Keylex',1,'text/plain','Rurik Dudlestone','http://dummyimage.com/127x171.bmp/dddddd/0000','146.19.25.236',85,'2016-09-14 00:00:00','2017-01-30 00:00:00','/est/donec/odio/justo/sollicitudin/ut.jsp','text/plain',0),(82,'Lotlux',1,'text/plain','Walden Barthrup','http://dummyimage.com/136x131.bmp/5fa2dd/ffff','110.105.209.171',35123,'2017-04-06 00:00:00','2017-04-15 00:00:00','/augue/luctus.png','text/plain',0),(83,'Fix San',1,'text/plain','Boigie Darth','http://dummyimage.com/150x173.bmp/ff4444/ffff','220.226.214.191',13,'2017-05-14 00:00:00','2017-01-11 00:00:00','/a/libero/nam/dui/proin/leo/odio.png','text/plain',0),(84,'Ronstring',1,'text/plain','Tami Aronson','http://dummyimage.com/139x220.bmp/ff4444/ffff','19.89.11.98',83472,'2016-06-27 00:00:00','2016-10-12 00:00:00','/orci.png','text/plain',0),(85,'Otcom',1,'text/plain','Tomasina Axtell','http://dummyimage.com/205x122.jpg/ff4444/ffff','32.202.37.13',45,'2016-12-21 00:00:00','2016-12-02 00:00:00','/enim.aspx','text/plain',0),(86,'Gembucket',1,'text/plain','Ferguson Labbey','http://dummyimage.com/117x131.bmp/cc0000/ffff','182.230.9.182',356,'2016-09-19 00:00:00','2017-04-01 00:00:00','/convallis/nunc/proin.js','text/plain',0),(87,'Vagram',1,'text/plain','Berkie Edmans','http://dummyimage.com/212x218.jpg/dddddd/0000','169.199.226.28',50,'2016-07-02 00:00:00','2016-12-22 00:00:00','/condimentum/neque/sapien/placerat/ante.json','text/plain',0),(88,'Transcof',1,'text/plain','Kayne Warcup','http://dummyimage.com/174x185.jpg/dddddd/0000','27.190.111.218',6677,'2016-10-09 00:00:00','2017-05-13 00:00:00','/parturient/montes.aspx','text/plain',0),(89,'Sub-Ex',1,'text/plain','Silvie Glenister','http://dummyimage.com/148x143.png/5fa2dd/ffff','221.167.57.202',3589,'2016-09-29 00:00:00','2016-07-03 00:00:00','/id/luctus/nec/molestie/sed.html','text/plain',0),(90,'Bitwolf',1,'text/plain','Lauritz Kinglesyd','http://dummyimage.com/113x212.bmp/ff4444/ffff','18.155.78.134',398,'2016-11-23 00:00:00','2016-08-10 00:00:00','/nulla/ac/enim/in/tempor/turpis/nec.js','text/plain',0),(91,'Sonsing',1,'text/plain','Conny Allbon','http://dummyimage.com/246x214.bmp/5fa2dd/ffff','166.27.99.196',7,'2016-08-16 00:00:00','2017-04-14 00:00:00','/nisl/duis/ac/nibh.jsp','text/plain',0),(92,'Asoka',1,'text/plain','Chloe Ellery','http://dummyimage.com/187x138.jpg/ff4444/ffff','102.44.5.227',617,'2017-01-07 00:00:00','2016-09-02 00:00:00','/pellentesque.aspx','text/plain',0),(93,'Redhold',1,'text/plain','Bald Skett','http://dummyimage.com/203x233.bmp/cc0000/ffff','138.238.55.90',13112,'2017-04-08 00:00:00','2017-02-15 00:00:00','/felis/sed/interdum/venenatis.xml','text/plain',0),(94,'Mat Lam Tam',1,'text/plain','Lucas Palombi','http://dummyimage.com/235x179.png/5fa2dd/ffff','132.180.12.171',29,'2016-07-16 00:00:00','2016-11-28 00:00:00','/ipsum.js','text/plain',0),(95,'Mat Lam Tam',1,'text/plain','Rheba Egglestone','http://dummyimage.com/132x129.png/5fa2dd/ffff','40.68.159.83',9803,'2016-08-10 00:00:00','2016-07-05 00:00:00','/vestibulum/vestibulum/ante.jsp','text/plain',0),(96,'Tres-Zap',1,'text/plain','Lanie Rothwell','http://dummyimage.com/106x187.png/dddddd/0000','82.133.143.208',899,'2016-07-16 00:00:00','2016-08-20 00:00:00','/amet/cursus.js','text/plain',0),(97,'Overhold',1,'text/plain','Dallon Metschke','http://dummyimage.com/215x220.jpg/cc0000/ffff','146.143.168.202',49,'2017-01-03 00:00:00','2016-08-24 00:00:00','/et/magnis/dis/parturient/montes/nascetur/ridiculus.json','text/plain',0),(98,'It',1,'text/plain','Brady Kubecka','http://dummyimage.com/222x230.jpg/dddddd/0000','135.253.171.210',235,'2017-02-01 00:00:00','2017-01-04 00:00:00','/eu/massa.aspx','text/plain',0),(99,'Konklab',1,'text/plain','Merrie Anetts','http://dummyimage.com/148x136.png/cc0000/ffff','221.40.81.147',4404,'2017-02-12 00:00:00','2016-10-08 00:00:00','/mauris/enim/leo/rhoncus/sed.xml','text/plain',0),(100,'Zontrax',1,'text/plain','Winifield Bohlje','http://dummyimage.com/231x142.png/5fa2dd/ffff','153.214.248.81',181,'2016-08-06 00:00:00','2016-10-12 00:00:00','/sapien/iaculis/congue/vivamus/metus.js','text/plain',0),(101,'Greenlam',1,'text/plain','Arden Cocozza','http://dummyimage.com/205x222.bmp/cc0000/ffff','162.60.175.81',9,'2016-07-16 00:00:00','2016-08-26 00:00:00','/dapibus/duis/at.jsp','text/plain',0),(102,'Flowdesk',1,'text/plain','Linn Haps','http://dummyimage.com/133x214.jpg/cc0000/ffff','80.230.30.118',79,'2017-04-12 00:00:00','2016-11-03 00:00:00','/dis/parturient.xml','text/plain',0),(103,'Gembucket',1,'text/plain','Dud Althorp','http://dummyimage.com/187x118.png/dddddd/0000','71.216.168.163',46,'2016-11-26 00:00:00','2017-01-01 00:00:00','/nonummy/integer/non/velit/donec/diam/neque.xml','text/plain',0),(104,'Stronghold',1,'text/plain','Kleon Perrygo','http://dummyimage.com/105x114.png/ff4444/ffff','62.224.98.213',55,'2016-11-21 00:00:00','2016-12-16 00:00:00','/lacus/at/velit/vivamus/vel/nulla/eget.xml','text/plain',0),(105,'Temp',1,'text/plain','Alicia Malloy','http://dummyimage.com/193x159.png/dddddd/0000','113.79.4.69',15397,'2017-04-17 00:00:00','2016-10-05 00:00:00','/platea/dictumst.xml','text/plain',0),(106,'Cardguard',1,'text/plain','Rurik de Merida','http://dummyimage.com/110x223.png/5fa2dd/ffff','124.48.110.195',65,'2016-10-08 00:00:00','2016-07-18 00:00:00','/elementum/in/hac/habitasse/platea/dictumst.jsp','text/plain',0),(107,'Zamit',1,'text/plain','Laural Thurgood','http://dummyimage.com/175x236.bmp/5fa2dd/ffff','80.110.254.132',1,'2016-08-10 00:00:00','2016-08-03 00:00:00','/turpis/nec.json','text/plain',0),(108,'Job',1,'text/plain','Stu Matchitt','http://dummyimage.com/142x208.jpg/cc0000/ffff','189.159.238.172',2592,'2016-10-19 00:00:00','2017-02-27 00:00:00','/justo/lacinia/eget/tincidunt/eget/tempus.jpg','text/plain',0),(109,'Sonsing',1,'text/plain','Tiffani Giacomini','http://dummyimage.com/102x234.jpg/cc0000/ffff','104.103.78.210',4,'2016-06-20 00:00:00','2016-11-07 00:00:00','/nullam/sit/amet/turpis/elementum.xml','text/plain',0),(110,'Subin',1,'text/plain','Sunny Puzey','http://dummyimage.com/231x221.bmp/5fa2dd/ffff','6.111.201.163',2,'2016-10-08 00:00:00','2016-05-26 00:00:00','/sed.aspx','text/plain',0),(111,'Sub-Ex',1,'text/plain','Claire Hutcheons','http://dummyimage.com/197x229.jpg/dddddd/0000','27.230.193.82',808,'2017-03-17 00:00:00','2017-04-11 00:00:00','/nulla/justo/aliquam/quis/turpis/eget/elit.xml','text/plain',0),(112,'Sub-Ex',1,'text/plain','Boycie Brantzen','http://dummyimage.com/168x211.jpg/5fa2dd/ffff','119.86.234.196',70,'2016-07-20 00:00:00','2017-03-17 00:00:00','/aliquet/ultrices/erat/tortor.js','text/plain',0),(113,'Ronstring',1,'text/plain','Marney O\'Dare','http://dummyimage.com/216x179.png/ff4444/ffff','96.10.70.155',83395,'2017-01-19 00:00:00','2017-05-03 00:00:00','/sit/amet/consectetuer/adipiscing.jpg','text/plain',0),(114,'Cookley',1,'text/plain','Merlina Wimms','http://dummyimage.com/221x143.jpg/ff4444/ffff','199.52.172.201',64,'2017-03-03 00:00:00','2016-11-14 00:00:00','/posuere/felis/sed/lacus/morbi.json','text/plain',0),(115,'Prodder',1,'text/plain','Ulysses Ferrer','http://dummyimage.com/204x196.jpg/cc0000/ffff','88.125.15.177',1,'2016-06-20 00:00:00','2016-08-08 00:00:00','/etiam/pretium/iaculis/justo.json','text/plain',0),(116,'Zamit',1,'text/plain','Clarice Easom','http://dummyimage.com/203x131.bmp/5fa2dd/ffff','237.127.102.255',9,'2016-12-05 00:00:00','2017-04-14 00:00:00','/quis/augue.html','text/plain',0),(117,'Vagram',1,'text/plain','Lorrayne Whiteway','http://dummyimage.com/167x230.bmp/cc0000/ffff','149.206.33.14',5,'2016-08-09 00:00:00','2016-10-16 00:00:00','/feugiat/non.png','text/plain',0),(118,'Home Ing',1,'text/plain','Griselda Jacquet','http://dummyimage.com/161x130.bmp/ff4444/ffff','249.30.240.251',0,'2016-10-02 00:00:00','2016-06-29 00:00:00','/suspendisse/potenti/in/eleifend.aspx','text/plain',0),(119,'Greenlam',1,'text/plain','Jameson Houndsom','http://dummyimage.com/201x120.bmp/ff4444/ffff','114.197.214.165',955,'2016-09-11 00:00:00','2016-12-13 00:00:00','/commodo/placerat/praesent/blandit.js','text/plain',0),(120,'Asoka',1,'text/plain','Delainey Trousdale','http://dummyimage.com/222x159.bmp/ff4444/ffff','155.211.142.179',9,'2016-07-11 00:00:00','2017-04-13 00:00:00','/dapibus/nulla.js','text/plain',0),(121,'Bytecard',1,'text/plain','Zedekiah Farey','http://dummyimage.com/167x157.jpg/cc0000/ffff','212.30.52.124',8,'2016-11-03 00:00:00','2016-12-06 00:00:00','/molestie/hendrerit/at/vulputate/vitae/nisl.jsp','text/plain',0),(122,'Zoolab',1,'text/plain','Khalil Skittle','http://dummyimage.com/211x113.bmp/ff4444/ffff','120.242.96.166',33257,'2017-01-27 00:00:00','2017-05-19 00:00:00','/enim/sit/amet/nunc/viverra.js','text/plain',0),(123,'Bytecard',1,'text/plain','Mac Moreing','http://dummyimage.com/180x120.png/5fa2dd/ffff','58.153.0.47',424,'2017-05-02 00:00:00','2016-08-24 00:00:00','/blandit/nam/nulla.png','text/plain',0),(124,'Latlux',1,'text/plain','Burg Formby','http://dummyimage.com/126x184.png/ff4444/ffff','32.140.47.238',1684,'2016-11-07 00:00:00','2016-11-30 00:00:00','/risus/semper/porta/volutpat/quam/pede.aspx','text/plain',0),(125,'Tempsoft',1,'text/plain','Aland McGlew','http://dummyimage.com/241x152.png/cc0000/ffff','167.122.218.195',1,'2017-05-07 00:00:00','2017-04-08 00:00:00','/magnis/dis/parturient.json','text/plain',0),(126,'It',1,'text/plain','Farrand Kettlewell','http://dummyimage.com/116x151.png/cc0000/ffff','59.164.228.160',12748,'2016-12-31 00:00:00','2017-03-15 00:00:00','/elementum.js','text/plain',0),(127,'Bytecard',1,'text/plain','Fanchon Echelle','http://dummyimage.com/126x209.jpg/5fa2dd/ffff','56.182.99.104',8,'2016-07-29 00:00:00','2017-03-02 00:00:00','/montes/nascetur/ridiculus/mus/vivamus/vestibulum.js','text/plain',0),(128,'Hatity',1,'text/plain','Colet Arboin','http://dummyimage.com/117x234.png/cc0000/ffff','241.21.120.212',286,'2016-12-24 00:00:00','2017-04-26 00:00:00','/hac.js','text/plain',0),(129,'Quo Lux',1,'text/plain','Alis Linnitt','http://dummyimage.com/229x248.jpg/dddddd/0000','132.174.119.106',40417,'2016-11-20 00:00:00','2016-08-30 00:00:00','/magna/ac/consequat.html','text/plain',0),(130,'Bitchip',1,'text/plain','Lillian Whitmarsh','http://dummyimage.com/107x224.bmp/5fa2dd/ffff','107.175.222.20',48381,'2016-07-13 00:00:00','2017-02-13 00:00:00','/justo/maecenas/rhoncus/aliquam.jsp','text/plain',0),(131,'Prodder',1,'text/plain','Bill Pleven','http://dummyimage.com/230x175.jpg/ff4444/ffff','50.235.201.125',138,'2016-10-11 00:00:00','2017-05-15 00:00:00','/quam/pharetra.aspx','text/plain',0),(132,'Y-Solowarm',1,'text/plain','Katerine Sly','http://dummyimage.com/246x148.png/dddddd/0000','164.69.199.147',29019,'2016-09-18 00:00:00','2017-05-16 00:00:00','/pede/venenatis/non/sodales/sed/tincidunt.json','text/plain',0),(133,'Subin',1,'text/plain','Natka Bursnoll','http://dummyimage.com/205x183.png/dddddd/0000','98.174.100.200',3,'2016-10-19 00:00:00','2016-09-08 00:00:00','/volutpat/eleifend/donec.jpg','text/plain',0),(134,'Solarbreeze',1,'text/plain','Sandy Jesson','http://dummyimage.com/144x161.bmp/5fa2dd/ffff','127.14.178.23',6223,'2016-11-06 00:00:00','2016-09-28 00:00:00','/accumsan/tellus/nisi/eu/orci.json','text/plain',0),(135,'Lotlux',1,'text/plain','Mady Yurtsev','http://dummyimage.com/199x161.jpg/ff4444/ffff','18.188.129.15',0,'2017-01-19 00:00:00','2016-10-18 00:00:00','/dignissim/vestibulum.jpg','text/plain',0),(136,'Flowdesk',1,'text/plain','Margaretta Crates','http://dummyimage.com/222x240.bmp/5fa2dd/ffff','196.137.252.50',850,'2016-09-15 00:00:00','2016-10-05 00:00:00','/pretium/nisl/ut.html','text/plain',0),(137,'Transcof',1,'text/plain','Merralee Dany','http://dummyimage.com/242x162.bmp/ff4444/ffff','169.131.251.47',79,'2017-01-11 00:00:00','2016-07-31 00:00:00','/morbi/non/quam.xml','text/plain',0),(138,'Namfix',1,'text/plain','Corey Grandham','http://dummyimage.com/160x162.png/5fa2dd/ffff','183.19.49.115',498,'2016-11-04 00:00:00','2017-02-27 00:00:00','/volutpat/dui/maecenas.jpg','text/plain',0),(139,'Bigtax',1,'text/plain','Tanhya Panther','http://dummyimage.com/112x213.jpg/cc0000/ffff','252.243.113.206',8569,'2016-12-31 00:00:00','2017-03-18 00:00:00','/faucibus/cursus/urna/ut/tellus/nulla/ut.png','text/plain',0),(140,'Home Ing',1,'text/plain','Mufi Yearnes','http://dummyimage.com/229x188.jpg/cc0000/ffff','36.62.236.175',8518,'2016-06-09 00:00:00','2016-10-07 00:00:00','/quis/lectus/suspendisse/potenti/in/eleifend/quam.js','text/plain',0),(141,'Bitchip',1,'text/plain','Merle Vango','http://dummyimage.com/218x250.bmp/5fa2dd/ffff','146.72.42.228',21,'2016-09-21 00:00:00','2016-10-13 00:00:00','/ultrices/libero.jsp','text/plain',0),(142,'Tempsoft',1,'text/plain','Juieta Minto','http://dummyimage.com/196x224.jpg/dddddd/0000','83.143.145.29',93255,'2016-12-28 00:00:00','2017-01-20 00:00:00','/penatibus.jsp','text/plain',0),(143,'Duobam',1,'text/plain','Adriano Fulun','http://dummyimage.com/161x179.jpg/ff4444/ffff','159.251.237.102',0,'2016-10-25 00:00:00','2016-08-05 00:00:00','/tortor/id/nulla/ultrices/aliquet/maecenas/leo.jsp','text/plain',0),(144,'Alphazap',1,'text/plain','Irita Whitaker','http://dummyimage.com/206x190.bmp/5fa2dd/ffff','72.44.171.49',661,'2017-03-21 00:00:00','2017-04-04 00:00:00','/lectus/suspendisse/potenti/in/eleifend.js','text/plain',0),(145,'Subin',1,'text/plain','Cecilio Reiglar','http://dummyimage.com/105x195.jpg/5fa2dd/ffff','73.37.16.252',8150,'2016-08-11 00:00:00','2017-04-29 00:00:00','/etiam/pretium/iaculis/justo/in/hac/habitasse.aspx','text/plain',0),(146,'Voltsillam',1,'text/plain','Florina Totterdill','http://dummyimage.com/225x247.bmp/dddddd/0000','243.147.7.228',812,'2017-01-10 00:00:00','2017-04-02 00:00:00','/rhoncus/sed/vestibulum/sit.jsp','text/plain',0),(147,'Fixflex',1,'text/plain','Caryn Tyrer','http://dummyimage.com/191x242.jpg/5fa2dd/ffff','40.109.216.239',20333,'2017-04-24 00:00:00','2016-12-25 00:00:00','/faucibus.jsp','text/plain',0),(148,'Opela',1,'text/plain','Irma Illidge','http://dummyimage.com/208x243.bmp/cc0000/ffff','213.38.238.22',1971,'2016-11-12 00:00:00','2016-08-28 00:00:00','/platea/dictumst/morbi.jpg','text/plain',0),(149,'Sonair',1,'text/plain','Kylen Lode','http://dummyimage.com/105x163.jpg/5fa2dd/ffff','42.153.66.6',60510,'2016-07-23 00:00:00','2016-10-06 00:00:00','/curabitur/convallis.json','text/plain',0),(150,'Bitwolf',1,'text/plain','Morissa Cane','http://dummyimage.com/247x148.jpg/5fa2dd/ffff','21.125.245.203',34,'2016-10-21 00:00:00','2017-03-11 00:00:00','/lorem/quisque/ut/erat.jpg','text/plain',0),(151,'Job',1,'text/plain','Mureil Chstney','http://dummyimage.com/149x205.jpg/ff4444/ffff','195.173.231.62',29,'2016-09-20 00:00:00','2016-08-17 00:00:00','/justo.aspx','text/plain',0),(152,'It',1,'text/plain','June Schonfeld','http://dummyimage.com/104x152.jpg/dddddd/0000','122.210.200.122',4,'2017-04-04 00:00:00','2017-03-13 00:00:00','/posuere/cubilia/curae/mauris/viverra.js','text/plain',0),(153,'Trippledex',1,'text/plain','Cassy Pichan','http://dummyimage.com/120x120.bmp/dddddd/0000','73.130.75.90',58423,'2017-03-31 00:00:00','2017-03-18 00:00:00','/lorem/ipsum/dolor/sit/amet/consectetuer.jsp','text/plain',0),(154,'Fix San',1,'text/plain','Lilian Wilderspoon','http://dummyimage.com/233x227.jpg/dddddd/0000','174.106.191.228',54,'2016-06-11 00:00:00','2016-06-13 00:00:00','/eu/massa/donec.json','text/plain',0),(155,'Vagram',1,'text/plain','Nancee Claremont','http://dummyimage.com/155x225.bmp/dddddd/0000','109.32.217.216',3,'2017-01-19 00:00:00','2016-08-04 00:00:00','/commodo/placerat/praesent/blandit/nam/nulla/integer.jpg','text/plain',0),(156,'Voltsillam',1,'text/plain','Burnaby Norker','http://dummyimage.com/241x124.jpg/ff4444/ffff','212.91.234.172',26467,'2016-06-10 00:00:00','2016-07-17 00:00:00','/ut/mauris/eget/massa.aspx','text/plain',0),(157,'Vagram',1,'text/plain','Granville Mingardo','http://dummyimage.com/119x160.jpg/ff4444/ffff','113.206.160.189',1,'2017-01-25 00:00:00','2016-09-28 00:00:00','/in/faucibus.json','text/plain',0),(158,'Sub-Ex',1,'text/plain','Cristie Pointin','http://dummyimage.com/217x193.png/ff4444/ffff','167.143.244.226',82,'2016-06-17 00:00:00','2016-06-20 00:00:00','/et/ultrices/posuere/cubilia/curae.png','text/plain',0),(159,'Stringtough',1,'text/plain','Marilee MacCaig','http://dummyimage.com/228x224.jpg/5fa2dd/ffff','222.16.231.156',9,'2016-12-20 00:00:00','2016-07-05 00:00:00','/vel/sem/sed/sagittis/nam.png','text/plain',0),(160,'Lotlux',1,'text/plain','Woodman Redwall','http://dummyimage.com/208x151.jpg/5fa2dd/ffff','213.119.127.114',1503,'2016-07-04 00:00:00','2016-06-07 00:00:00','/et/magnis/dis/parturient/montes/nascetur/ridiculus.json','text/plain',0),(161,'Viva',1,'text/plain','Beilul Penwright','http://dummyimage.com/142x167.jpg/dddddd/0000','41.214.238.210',45954,'2016-06-20 00:00:00','2017-01-11 00:00:00','/ac/est/lacinia/nisi/venenatis/tristique/fusce.js','text/plain',0),(162,'Tampflex',1,'text/plain','Elliott Arntzen','http://dummyimage.com/250x116.jpg/cc0000/ffff','101.7.11.148',8,'2017-05-21 00:00:00','2016-06-19 00:00:00','/commodo.aspx','text/plain',0),(163,'Duobam',1,'text/plain','Jolynn Symper','http://dummyimage.com/152x195.png/ff4444/ffff','40.3.50.203',0,'2017-04-08 00:00:00','2017-04-03 00:00:00','/etiam/justo/etiam/pretium/iaculis/justo/in.json','text/plain',0),(164,'Fix San',1,'text/plain','Harmon Dumbleton','http://dummyimage.com/193x100.jpg/dddddd/0000','156.34.66.227',81963,'2017-02-08 00:00:00','2017-01-12 00:00:00','/volutpat/eleifend/donec/ut.jsp','text/plain',0),(165,'Fixflex',1,'text/plain','Emmerich Goodram','http://dummyimage.com/230x191.bmp/ff4444/ffff','60.212.95.8',65989,'2017-02-08 00:00:00','2016-12-27 00:00:00','/praesent/id/massa/id/nisl/venenatis/lacinia.jsp','text/plain',0),(166,'Fix San',1,'text/plain','Aksel Squire','http://dummyimage.com/128x222.png/ff4444/ffff','125.239.122.41',10718,'2017-01-30 00:00:00','2016-12-25 00:00:00','/hendrerit/at/vulputate/vitae/nisl/aenean/lectus.jsp','text/plain',0),(167,'Ventosanzap',1,'text/plain','Bethany Gherardi','http://dummyimage.com/122x209.jpg/cc0000/ffff','215.53.81.60',5,'2017-01-16 00:00:00','2017-05-25 00:00:00','/in/lectus/pellentesque/at.png','text/plain',0),(168,'Hatity',1,'text/plain','Boote Barnewille','http://dummyimage.com/223x186.bmp/dddddd/0000','102.169.89.153',2,'2017-03-12 00:00:00','2016-10-27 00:00:00','/justo.html','text/plain',0),(169,'Otcom',1,'text/plain','Melanie Lebel','http://dummyimage.com/118x169.jpg/5fa2dd/ffff','115.204.86.239',22302,'2016-07-11 00:00:00','2017-02-15 00:00:00','/amet/sapien/dignissim/vestibulum/vestibulum/ante/ipsum.png','text/plain',0),(170,'Alpha',1,'text/plain','Rube Vargas','http://dummyimage.com/170x181.jpg/5fa2dd/ffff','169.30.159.25',845,'2017-02-11 00:00:00','2016-12-15 00:00:00','/etiam/justo/etiam/pretium/iaculis/justo/in.html','text/plain',0),(171,'Treeflex',1,'text/plain','Barry Petley','http://dummyimage.com/249x153.png/5fa2dd/ffff','33.155.166.56',2,'2017-01-15 00:00:00','2016-10-01 00:00:00','/massa.xml','text/plain',0),(172,'Biodex',1,'text/plain','Johnnie Gauch','http://dummyimage.com/218x229.jpg/dddddd/0000','75.163.34.191',8,'2016-06-12 00:00:00','2017-01-30 00:00:00','/metus/aenean/fermentum/donec.jsp','text/plain',0),(173,'Duobam',1,'text/plain','Taryn Tofful','http://dummyimage.com/129x240.png/cc0000/ffff','181.157.233.45',318,'2016-08-21 00:00:00','2017-05-15 00:00:00','/eu/orci/mauris.jsp','text/plain',0),(174,'Tampflex',1,'text/plain','Ringo Havill','http://dummyimage.com/116x181.png/ff4444/ffff','84.51.67.97',9,'2016-08-17 00:00:00','2016-10-22 00:00:00','/cursus/vestibulum/proin/eu/mi/nulla.xml','text/plain',0),(175,'Bitwolf',1,'text/plain','Broddie Vidineev','http://dummyimage.com/248x118.jpg/cc0000/ffff','131.93.181.145',5,'2016-12-25 00:00:00','2016-05-26 00:00:00','/elementum/nullam/varius/nulla/facilisi/cras.js','text/plain',0),(176,'Veribet',1,'text/plain','Zelig Haill','http://dummyimage.com/250x153.bmp/5fa2dd/ffff','222.199.27.39',69320,'2017-01-15 00:00:00','2016-05-27 00:00:00','/eget.aspx','text/plain',0),(177,'Domainer',1,'text/plain','Berthe Likly','http://dummyimage.com/165x137.jpg/ff4444/ffff','162.39.93.51',97,'2016-12-24 00:00:00','2016-12-09 00:00:00','/semper/sapien/a/libero/nam/dui.aspx','text/plain',0),(178,'Aerified',1,'text/plain','Alvan Maymand','http://dummyimage.com/177x201.png/cc0000/ffff','114.222.148.120',55493,'2016-11-03 00:00:00','2016-11-29 00:00:00','/curabitur/gravida.jsp','text/plain',0),(179,'Bigtax',1,'text/plain','Salmon Fursland','http://dummyimage.com/144x109.png/5fa2dd/ffff','21.56.185.52',60,'2017-01-18 00:00:00','2016-08-29 00:00:00','/vel/ipsum.aspx','text/plain',0),(180,'Voltsillam',1,'text/plain','Ardys Kinnerk','http://dummyimage.com/132x130.jpg/dddddd/0000','176.101.251.76',770,'2017-05-03 00:00:00','2017-02-12 00:00:00','/quam/turpis/adipiscing/lorem/vitae/mattis.json','text/plain',0),(181,'Ventosanzap',1,'text/plain','Hyacinthie Jobson','http://dummyimage.com/121x230.bmp/cc0000/ffff','100.114.180.130',7264,'2017-04-27 00:00:00','2017-01-28 00:00:00','/in/tempor/turpis.js','text/plain',0),(182,'Asoka',1,'text/plain','Shanon Becke','http://dummyimage.com/179x143.bmp/cc0000/ffff','235.117.206.15',5777,'2016-09-27 00:00:00','2016-10-11 00:00:00','/nulla/mollis/molestie/lorem/quisque/ut/erat.json','text/plain',0),(183,'Y-find',1,'text/plain','Audra Sextie','http://dummyimage.com/145x141.bmp/ff4444/ffff','195.36.46.86',81,'2017-05-04 00:00:00','2017-03-28 00:00:00','/duis/ac/nibh/fusce/lacus/purus.js','text/plain',0),(184,'Ronstring',1,'text/plain','Blithe Dawton','http://dummyimage.com/146x217.png/cc0000/ffff','19.44.55.152',2929,'2016-06-03 00:00:00','2017-04-06 00:00:00','/ut/mauris/eget/massa/tempor/convallis/nulla.png','text/plain',0),(185,'Otcom',1,'text/plain','Jillene Maloney','http://dummyimage.com/115x120.bmp/dddddd/0000','255.58.45.66',3112,'2016-07-03 00:00:00','2017-01-31 00:00:00','/maecenas/pulvinar/lobortis/est/phasellus/sit/amet.jsp','text/plain',0),(186,'Alphazap',1,'text/plain','Klarika McIlhagga','http://dummyimage.com/152x188.bmp/dddddd/0000','233.47.200.113',52191,'2017-04-15 00:00:00','2016-07-18 00:00:00','/eu/est/congue/elementum/in/hac/habitasse.xml','text/plain',0),(187,'Fintone',1,'text/plain','Richie Rastrick','http://dummyimage.com/152x200.png/cc0000/ffff','244.37.59.241',6,'2016-07-09 00:00:00','2016-09-12 00:00:00','/venenatis/tristique/fusce/congue/diam/id/ornare.aspx','text/plain',0),(188,'Voltsillam',1,'text/plain','Leora Tathacott','http://dummyimage.com/235x232.jpg/dddddd/0000','48.58.136.166',52806,'2016-12-04 00:00:00','2016-09-16 00:00:00','/donec/dapibus.jpg','text/plain',0),(189,'Y-Solowarm',1,'text/plain','Rowe Crumley','http://dummyimage.com/166x159.bmp/5fa2dd/ffff','220.108.242.28',3,'2016-10-01 00:00:00','2016-11-16 00:00:00','/dictumst/maecenas/ut.html','text/plain',0),(190,'Stringtough',1,'text/plain','Zarla Dimmick','http://dummyimage.com/249x115.png/cc0000/ffff','178.212.180.185',17,'2017-01-05 00:00:00','2017-01-06 00:00:00','/at/nulla/suspendisse/potenti/cras/in/purus.aspx','text/plain',0),(191,'Voltsillam',1,'text/plain','Burlie Latore','http://dummyimage.com/187x167.png/cc0000/ffff','112.12.226.19',570,'2016-08-26 00:00:00','2017-05-13 00:00:00','/ut/massa.jsp','text/plain',0),(192,'Wrapsafe',1,'text/plain','Patten Espadero','http://dummyimage.com/167x193.bmp/cc0000/ffff','174.70.147.133',9351,'2017-03-14 00:00:00','2016-07-02 00:00:00','/vel/augue.jpg','text/plain',0),(193,'Zamit',1,'text/plain','Constance Lascelles','http://dummyimage.com/116x152.jpg/ff4444/ffff','107.94.130.137',56022,'2016-11-29 00:00:00','2017-02-03 00:00:00','/ipsum/integer/a.xml','text/plain',0),(194,'Job',1,'text/plain','Therese Lewry','http://dummyimage.com/218x182.png/dddddd/0000','35.218.210.8',6,'2017-01-10 00:00:00','2016-08-17 00:00:00','/tellus/semper/interdum/mauris/ullamcorper/purus/sit.js','text/plain',0),(195,'Lotlux',1,'text/plain','Nathalia Nurdin','http://dummyimage.com/202x181.jpg/cc0000/ffff','100.173.140.177',7,'2016-12-24 00:00:00','2016-12-08 00:00:00','/quisque/ut/erat/curabitur/gravida/nisi/at.xml','text/plain',0),(196,'Keylex',1,'text/plain','Shepherd Easterling','http://dummyimage.com/120x233.jpg/5fa2dd/ffff','30.169.68.118',602,'2017-04-16 00:00:00','2017-01-24 00:00:00','/consequat/morbi/a.js','text/plain',0),(197,'Bytecard',1,'text/plain','Samantha Kubin','http://dummyimage.com/213x227.bmp/cc0000/ffff','40.10.192.230',90,'2016-09-24 00:00:00','2017-04-08 00:00:00','/viverra/diam/vitae/quam.html','text/plain',0),(198,'Hatity',1,'text/plain','Euphemia Quinnelly','http://dummyimage.com/193x195.png/ff4444/ffff','95.82.46.0',8,'2016-06-06 00:00:00','2017-05-05 00:00:00','/eget/tincidunt/eget.aspx','text/plain',0),(199,'Cardguard',1,'text/plain','Jocelyn Haselwood','http://dummyimage.com/239x153.jpg/ff4444/ffff','160.148.126.196',183,'2017-01-11 00:00:00','2017-03-02 00:00:00','/turpis/integer/aliquet/massa/id.json','text/plain',0),(200,'Zoolab',1,'text/plain','Veradis Coling','http://dummyimage.com/164x173.png/5fa2dd/ffff','254.71.7.198',251,'2016-10-08 00:00:00','2017-04-19 00:00:00','/posuere/felis/sed/lacus/morbi/sem.aspx','text/plain',0),(201,'Aerified',1,'text/plain','Weston Weddup','http://dummyimage.com/196x173.png/5fa2dd/ffff','234.243.59.242',3248,'2016-08-11 00:00:00','2016-12-09 00:00:00','/non/lectus.png','text/plain',0),(202,'Trippledex',1,'text/plain','Wynn Domenget','http://dummyimage.com/214x201.jpg/ff4444/ffff','12.16.234.247',4977,'2017-03-01 00:00:00','2017-03-26 00:00:00','/mauris/ullamcorper.js','text/plain',0),(203,'Zamit',1,'text/plain','Niki Hutley','http://dummyimage.com/152x202.bmp/cc0000/ffff','226.215.51.157',6903,'2017-05-21 00:00:00','2016-12-08 00:00:00','/nibh/ligula/nec/sem/duis.jpg','text/plain',0),(204,'Solarbreeze',1,'text/plain','Paul Oakwell','http://dummyimage.com/205x200.bmp/dddddd/0000','22.126.149.192',81,'2017-03-25 00:00:00','2017-01-15 00:00:00','/viverra/pede/ac.js','text/plain',0),(205,'Voyatouch',1,'text/plain','Lillis Huckster','http://dummyimage.com/143x127.jpg/ff4444/ffff','114.78.56.57',4,'2017-04-15 00:00:00','2016-10-12 00:00:00','/ultrices/erat/tortor/sollicitudin/mi.png','text/plain',0),(206,'Tempsoft',1,'text/plain','Rad Reightley','http://dummyimage.com/102x130.jpg/ff4444/ffff','9.200.28.66',27026,'2016-11-17 00:00:00','2016-08-12 00:00:00','/justo/in/blandit/ultrices/enim/lorem/ipsum.aspx','text/plain',0),(207,'Y-find',1,'text/plain','Berk Russ','http://dummyimage.com/209x224.jpg/ff4444/ffff','177.45.9.178',14,'2016-11-09 00:00:00','2016-10-23 00:00:00','/sit/amet/diam/in/magna.aspx','text/plain',0),(208,'Zamit',1,'text/plain','Giavani Codrington','http://dummyimage.com/226x138.png/ff4444/ffff','151.181.123.174',10035,'2016-06-15 00:00:00','2017-04-15 00:00:00','/fermentum/justo/nec/condimentum.json','text/plain',0),(209,'Fintone',1,'text/plain','Nicolai Elcock','http://dummyimage.com/158x140.bmp/dddddd/0000','46.11.67.81',447,'2016-08-20 00:00:00','2016-09-29 00:00:00','/et/ultrices/posuere/cubilia/curae/duis/faucibus.png','text/plain',0),(210,'It',1,'text/plain','Bancroft Goddman','http://dummyimage.com/213x150.png/dddddd/0000','178.105.11.139',8,'2016-11-28 00:00:00','2016-06-14 00:00:00','/in/faucibus/orci/luctus.aspx','text/plain',0),(211,'Wrapsafe',1,'text/plain','Mitchel Pietron','http://dummyimage.com/248x198.png/5fa2dd/ffff','252.207.215.236',34,'2017-05-13 00:00:00','2016-09-03 00:00:00','/luctus/et/ultrices.jsp','text/plain',0),(212,'Bytecard',1,'text/plain','Prentiss Crossby','http://dummyimage.com/170x110.jpg/5fa2dd/ffff','140.90.111.215',522,'2016-11-24 00:00:00','2017-03-09 00:00:00','/in/felis/eu.png','text/plain',0),(213,'Tempsoft',1,'text/plain','Vasili Snelgrove','http://dummyimage.com/133x160.jpg/ff4444/ffff','152.27.232.221',1948,'2017-02-23 00:00:00','2016-09-05 00:00:00','/a/feugiat/et/eros/vestibulum/ac/est.json','text/plain',0),(214,'Zontrax',1,'text/plain','Debor Minette','http://dummyimage.com/135x146.png/cc0000/ffff','80.91.234.43',7958,'2017-04-26 00:00:00','2017-04-25 00:00:00','/suspendisse.html','text/plain',0),(215,'Greenlam',1,'text/plain','Maxim Halsall','http://dummyimage.com/243x227.bmp/5fa2dd/ffff','115.12.245.20',11,'2016-07-15 00:00:00','2017-03-04 00:00:00','/quam/sapien/varius.aspx','text/plain',0),(216,'Flexidy',1,'text/plain','Xaviera McCrea','http://dummyimage.com/244x129.png/cc0000/ffff','119.20.200.229',1103,'2016-09-04 00:00:00','2016-07-11 00:00:00','/risus/auctor/sed.xml','text/plain',0),(217,'Bytecard',1,'text/plain','Mohandis Thorius','http://dummyimage.com/133x192.png/cc0000/ffff','216.253.246.59',3,'2017-01-03 00:00:00','2017-05-02 00:00:00','/odio/justo/sollicitudin/ut/suscipit.jsp','text/plain',0),(218,'Tin',1,'text/plain','Jolee Saffen','http://dummyimage.com/250x190.png/cc0000/ffff','10.139.83.187',3366,'2016-06-06 00:00:00','2016-09-14 00:00:00','/varius/nulla/facilisi.json','text/plain',0),(219,'Biodex',1,'text/plain','Paulo Belsey','http://dummyimage.com/204x238.png/5fa2dd/ffff','235.167.17.121',807,'2016-08-10 00:00:00','2016-12-09 00:00:00','/dui/proin/leo/odio/porttitor/id.aspx','text/plain',0),(220,'Wrapsafe',1,'text/plain','Wylie Karys','http://dummyimage.com/107x244.png/dddddd/0000','200.124.190.123',99902,'2016-07-10 00:00:00','2016-09-02 00:00:00','/tortor/id/nulla/ultrices/aliquet/maecenas/leo.jsp','text/plain',0),(221,'Tampflex',1,'text/plain','Carlina Baroux','http://dummyimage.com/192x118.bmp/cc0000/ffff','146.65.4.100',314,'2016-07-12 00:00:00','2016-11-25 00:00:00','/amet/consectetuer/adipiscing.jpg','text/plain',0),(222,'Veribet',1,'text/plain','Donavon Riddiford','http://dummyimage.com/219x175.jpg/cc0000/ffff','167.50.54.144',89007,'2016-06-14 00:00:00','2017-03-22 00:00:00','/feugiat/et/eros/vestibulum/ac/est.html','text/plain',0),(223,'Tin',1,'text/plain','Domenic Agirre','http://dummyimage.com/113x167.bmp/dddddd/0000','216.177.1.196',62693,'2017-01-01 00:00:00','2017-02-13 00:00:00','/id/massa/id/nisl/venenatis.html','text/plain',0),(224,'Treeflex',1,'text/plain','Pavla Redsell','http://dummyimage.com/194x184.jpg/dddddd/0000','20.198.188.113',766,'2017-01-17 00:00:00','2017-04-20 00:00:00','/adipiscing/elit/proin/risus/praesent/lectus.json','text/plain',0),(225,'Latlux',1,'text/plain','Paten Fidgett','http://dummyimage.com/209x149.png/ff4444/ffff','66.245.39.230',9,'2017-02-20 00:00:00','2016-07-22 00:00:00','/et/ultrices/posuere/cubilia/curae/donec.js','text/plain',0),(226,'Duobam',1,'text/plain','Rozina Brand','http://dummyimage.com/146x197.bmp/5fa2dd/ffff','56.70.204.251',27,'2016-12-20 00:00:00','2016-10-18 00:00:00','/sit.jpg','text/plain',0),(227,'Cardguard',1,'text/plain','Butch Bavin','http://dummyimage.com/243x141.jpg/5fa2dd/ffff','234.89.38.104',8,'2016-12-06 00:00:00','2016-07-13 00:00:00','/orci/pede.js','text/plain',0),(228,'Transcof',1,'text/plain','Gabriellia Claybourne','http://dummyimage.com/118x168.bmp/dddddd/0000','79.57.141.109',52,'2016-08-23 00:00:00','2016-06-04 00:00:00','/habitasse/platea.json','text/plain',0),(229,'Opela',1,'text/plain','Augusto Stonnell','http://dummyimage.com/188x218.bmp/5fa2dd/ffff','85.221.57.49',330,'2017-03-24 00:00:00','2016-08-28 00:00:00','/augue/luctus/tincidunt/nulla/mollis.jsp','text/plain',0),(230,'Bitchip',1,'text/plain','Neely Hamerton','http://dummyimage.com/243x215.png/cc0000/ffff','107.83.29.128',2833,'2016-07-19 00:00:00','2016-09-24 00:00:00','/luctus/tincidunt/nulla.aspx','text/plain',0),(231,'Span',1,'text/plain','Iosep Jurczyk','http://dummyimage.com/225x145.bmp/dddddd/0000','28.163.156.24',5,'2016-12-25 00:00:00','2017-03-25 00:00:00','/blandit/lacinia/erat/vestibulum/sed.html','text/plain',0),(232,'Bigtax',1,'text/plain','Percy Edensor','http://dummyimage.com/215x206.bmp/5fa2dd/ffff','247.184.95.144',7,'2017-03-19 00:00:00','2016-08-02 00:00:00','/lacinia/nisi.jpg','text/plain',0),(233,'Kanlam',1,'text/plain','Gabriele Tanslie','http://dummyimage.com/142x142.bmp/cc0000/ffff','103.153.134.183',5894,'2016-06-04 00:00:00','2016-10-17 00:00:00','/ligula/vehicula.json','text/plain',0),(234,'Namfix',1,'text/plain','Yoshiko Luddy','http://dummyimage.com/226x188.jpg/dddddd/0000','117.225.117.33',807,'2017-01-07 00:00:00','2016-12-29 00:00:00','/enim/blandit/mi/in/porttitor/pede/justo.xml','text/plain',0),(235,'Vagram',1,'text/plain','Demetria Melvin','http://dummyimage.com/152x221.jpg/dddddd/0000','131.139.146.149',50,'2016-12-16 00:00:00','2016-08-14 00:00:00','/justo/sit/amet.jsp','text/plain',0),(236,'Y-Solowarm',1,'text/plain','Tymothy Champain','http://dummyimage.com/115x205.png/dddddd/0000','211.120.255.203',7,'2016-12-23 00:00:00','2016-12-16 00:00:00','/ante/ipsum/primis/in.xml','text/plain',0),(237,'Bitchip',1,'text/plain','Emmery Rigden','http://dummyimage.com/128x141.jpg/cc0000/ffff','6.96.104.238',20,'2016-08-24 00:00:00','2017-02-21 00:00:00','/vitae.js','text/plain',0),(238,'Daltfresh',1,'text/plain','Kendra Laister','http://dummyimage.com/219x199.png/ff4444/ffff','191.48.212.133',7,'2016-11-28 00:00:00','2017-02-11 00:00:00','/nunc/nisl/duis.js','text/plain',0),(239,'Flowdesk',1,'text/plain','Christa Mc Pake','http://dummyimage.com/215x114.bmp/cc0000/ffff','84.94.246.47',80,'2017-04-03 00:00:00','2016-07-19 00:00:00','/vel/pede/morbi/porttitor/lorem.json','text/plain',0),(240,'Sonair',1,'text/plain','Shay Paske','http://dummyimage.com/128x239.bmp/cc0000/ffff','219.228.211.50',47,'2017-01-07 00:00:00','2016-08-26 00:00:00','/rutrum/nulla/nunc/purus.js','text/plain',0),(241,'Tempsoft',1,'text/plain','Elsa Crossgrove','http://dummyimage.com/143x149.jpg/5fa2dd/ffff','237.202.73.0',1,'2017-05-02 00:00:00','2017-05-14 00:00:00','/erat/id/mauris.jsp','text/plain',0),(242,'Zathin',1,'text/plain','Mattheus Sponder','http://dummyimage.com/196x228.jpg/5fa2dd/ffff','244.114.63.208',6,'2017-02-22 00:00:00','2017-02-18 00:00:00','/erat/volutpat.xml','text/plain',0),(243,'Cardguard',1,'text/plain','Edik Mark','http://dummyimage.com/211x239.bmp/cc0000/ffff','211.255.28.82',576,'2017-04-05 00:00:00','2016-08-20 00:00:00','/cubilia.aspx','text/plain',0),(244,'Viva',1,'text/plain','Nickola Bonney','http://dummyimage.com/117x227.jpg/ff4444/ffff','228.187.216.190',563,'2016-07-26 00:00:00','2017-04-25 00:00:00','/erat/quisque/erat/eros.jsp','text/plain',0),(245,'Asoka',1,'text/plain','Livvy Everil','http://dummyimage.com/162x223.jpg/ff4444/ffff','89.24.216.139',57,'2017-03-02 00:00:00','2016-11-09 00:00:00','/quis/justo.aspx','text/plain',0),(246,'Tampflex',1,'text/plain','Allis Reucastle','http://dummyimage.com/170x222.png/cc0000/ffff','78.130.66.159',8062,'2016-06-29 00:00:00','2016-06-22 00:00:00','/eget.json','text/plain',0),(247,'Keylex',1,'text/plain','Hort Gibben','http://dummyimage.com/226x236.bmp/cc0000/ffff','124.210.239.70',7968,'2016-09-15 00:00:00','2017-01-05 00:00:00','/vel/ipsum.xml','text/plain',0),(248,'Job',2,'text/plain','Jessy Hamblin','http://dummyimage.com/203x236.bmp/ff4444/ffff','238.119.48.1',5517,'2016-07-20 00:00:00','2016-07-21 00:00:00','/mauris/laoreet/ut/rhoncus/aliquet/pulvinar/sed.html','text/plain',0),(249,'Bytecard',2,'text/plain','Merissa Gettings','http://dummyimage.com/100x148.bmp/5fa2dd/ffff','144.44.163.224',3466,'2016-09-27 00:00:00','2016-12-15 00:00:00','/curae.xml','text/plain',0),(250,'Temp',2,'text/plain','Norby Orhrt','http://dummyimage.com/124x115.png/dddddd/0000','125.232.95.184',9043,'2016-12-20 00:00:00','2016-06-27 00:00:00','/morbi/ut/odio/cras/mi/pede.png','text/plain',0),(251,'Daltfresh',2,'text/plain','Jeniece Gelletly','http://dummyimage.com/176x128.png/cc0000/ffff','39.105.79.174',7759,'2017-02-05 00:00:00','2017-05-21 00:00:00','/mi/integer/ac/neque/duis/bibendum.xml','text/plain',0),(252,'Trippledex',2,'text/plain','Lowrance Auston','http://dummyimage.com/129x172.bmp/ff4444/ffff','121.0.39.111',5,'2016-12-12 00:00:00','2016-11-29 00:00:00','/curae/mauris/viverra/diam.html','text/plain',0),(253,'Wrapsafe',2,'text/plain','Gabriela Medley','http://dummyimage.com/212x143.bmp/dddddd/0000','239.245.212.150',8,'2017-04-21 00:00:00','2016-12-25 00:00:00','/potenti.js','text/plain',0),(254,'Fixflex',2,'text/plain','Sheilah Balsom','http://dummyimage.com/196x193.jpg/ff4444/ffff','184.153.157.185',744,'2017-02-12 00:00:00','2016-12-24 00:00:00','/vulputate/justo.html','text/plain',0),(255,'Flowdesk',2,'text/plain','Jaine Smithers','http://dummyimage.com/219x100.bmp/dddddd/0000','74.244.11.116',21,'2016-06-29 00:00:00','2016-12-18 00:00:00','/sit/amet/consectetuer/adipiscing/elit.js','text/plain',0),(256,'Wrapsafe',2,'text/plain','Morena Grigorio','http://dummyimage.com/225x191.jpg/5fa2dd/ffff','83.194.249.159',50,'2017-03-25 00:00:00','2016-09-15 00:00:00','/non/interdum/in/ante/vestibulum/ante.jsp','text/plain',0),(257,'Y-find',2,'text/plain','Bert Kibbe','http://dummyimage.com/224x106.png/ff4444/ffff','163.54.196.41',81286,'2016-11-08 00:00:00','2016-10-09 00:00:00','/purus/sit/amet/nulla/quisque/arcu.js','text/plain',0),(258,'Bitchip',2,'text/plain','Kate Grassick','http://dummyimage.com/199x205.jpg/cc0000/ffff','177.159.135.67',457,'2016-11-15 00:00:00','2017-03-02 00:00:00','/posuere/felis/sed/lacus.json','text/plain',0),(259,'Sonsing',2,'text/plain','Heall Frood','http://dummyimage.com/114x146.bmp/ff4444/ffff','91.126.166.103',65,'2016-10-30 00:00:00','2016-08-28 00:00:00','/nisl/aenean/lectus/pellentesque.aspx','text/plain',0),(260,'Overhold',2,'text/plain','Ami Mauchline','http://dummyimage.com/142x134.bmp/ff4444/ffff','48.32.164.103',9,'2016-08-28 00:00:00','2016-12-03 00:00:00','/neque/duis/bibendum/morbi.aspx','text/plain',0),(261,'Opela',2,'text/plain','Elnore Gippes','http://dummyimage.com/223x112.jpg/5fa2dd/ffff','120.241.140.78',8523,'2017-02-02 00:00:00','2016-06-15 00:00:00','/ultrices/vel/augue/vestibulum.jpg','text/plain',0),(262,'Wrapsafe',2,'text/plain','Ania Spincks','http://dummyimage.com/151x192.bmp/cc0000/ffff','170.91.133.32',8902,'2017-03-08 00:00:00','2016-06-08 00:00:00','/potenti/nullam/porttitor.json','text/plain',0),(263,'Duobam',2,'text/plain','Georgie Littleover','http://dummyimage.com/104x108.bmp/ff4444/ffff','61.26.60.236',895,'2017-01-05 00:00:00','2016-12-24 00:00:00','/sapien.html','text/plain',0),(264,'Daltfresh',2,'text/plain','Alysia Bretelle','http://dummyimage.com/177x127.png/ff4444/ffff','61.144.250.206',17,'2017-01-15 00:00:00','2017-01-14 00:00:00','/mauris/eget/massa.js','text/plain',0),(265,'Redhold',2,'text/plain','Caldwell Spriggen','http://dummyimage.com/112x244.png/cc0000/ffff','109.55.63.227',1,'2016-09-23 00:00:00','2017-02-05 00:00:00','/in/eleifend/quam/a/odio/in.json','text/plain',0),(266,'Viva',2,'text/plain','Marion Padilla','http://dummyimage.com/150x132.bmp/cc0000/ffff','2.122.99.23',7228,'2017-03-24 00:00:00','2016-07-07 00:00:00','/justo/nec/condimentum.jsp','text/plain',0),(267,'Zathin',2,'text/plain','Austen Pegrum','http://dummyimage.com/132x162.jpg/cc0000/ffff','76.76.69.100',30,'2017-04-12 00:00:00','2017-05-04 00:00:00','/sapien/cum.html','text/plain',0),(268,'Quo Lux',2,'text/plain','Cleo Lead','http://dummyimage.com/164x172.bmp/5fa2dd/ffff','33.1.181.172',54494,'2017-04-10 00:00:00','2016-09-05 00:00:00','/eleifend/quam/a/odio/in.json','text/plain',0),(269,'Bigtax',2,'text/plain','Evaleen Harbison','http://dummyimage.com/118x247.bmp/cc0000/ffff','200.223.193.209',380,'2016-12-24 00:00:00','2016-12-25 00:00:00','/nulla.png','text/plain',0),(270,'Subin',2,'text/plain','Tannie Barczynski','http://dummyimage.com/224x229.jpg/ff4444/ffff','106.95.56.67',40,'2016-11-17 00:00:00','2017-02-17 00:00:00','/donec/posuere/metus.jsp','text/plain',0),(271,'Quo Lux',2,'text/plain','Shirline Ricioppo','http://dummyimage.com/250x183.bmp/dddddd/0000','217.154.190.39',6648,'2016-11-15 00:00:00','2016-08-01 00:00:00','/id/justo/sit/amet/sapien/dignissim/vestibulum.html','text/plain',0),(272,'Regrant',2,'text/plain','Madge Rapps','http://dummyimage.com/110x225.png/ff4444/ffff','113.237.251.89',40,'2016-11-23 00:00:00','2017-03-05 00:00:00','/at/turpis/a/pede/posuere.jpg','text/plain',0),(273,'Tin',2,'text/plain','Nike Testin','http://dummyimage.com/115x155.bmp/cc0000/ffff','99.196.217.185',7410,'2017-05-04 00:00:00','2017-02-16 00:00:00','/congue.jsp','text/plain',0),(274,'Home Ing',2,'text/plain','Darsey Dawdary','http://dummyimage.com/207x219.png/5fa2dd/ffff','59.160.200.190',2125,'2017-05-11 00:00:00','2017-01-14 00:00:00','/risus/semper/porta/volutpat/quam/pede.png','text/plain',0),(275,'Veribet',2,'text/plain','Chev De Laci','http://dummyimage.com/110x152.bmp/ff4444/ffff','151.142.19.218',954,'2016-07-29 00:00:00','2016-08-30 00:00:00','/integer/non.aspx','text/plain',0),(276,'Zaam-Dox',2,'text/plain','Francesco Fowlston','http://dummyimage.com/227x210.png/dddddd/0000','177.188.203.29',5,'2017-01-20 00:00:00','2017-03-17 00:00:00','/tellus/in/sagittis/dui/vel.png','text/plain',0),(277,'Solarbreeze',2,'text/plain','Wallie Southway','http://dummyimage.com/117x177.jpg/ff4444/ffff','178.41.82.7',97417,'2017-01-12 00:00:00','2017-02-22 00:00:00','/blandit/lacinia/erat.js','text/plain',0),(278,'Voltsillam',2,'text/plain','Scarface Riall','http://dummyimage.com/126x218.jpg/5fa2dd/ffff','236.249.175.57',8204,'2016-10-19 00:00:00','2017-02-11 00:00:00','/potenti/cras/in/purus.js','text/plain',0),(279,'Opela',2,'text/plain','Charles Karpe','http://dummyimage.com/197x193.png/ff4444/ffff','52.223.124.199',805,'2017-05-18 00:00:00','2016-05-31 00:00:00','/donec/quis/orci/eget/orci/vehicula.jpg','text/plain',0),(280,'Vagram',2,'text/plain','Barbabas Simioni','http://dummyimage.com/122x121.bmp/ff4444/ffff','182.23.143.50',20093,'2017-01-16 00:00:00','2017-02-10 00:00:00','/ut/mauris/eget/massa/tempor/convallis/nulla.js','text/plain',0),(281,'Mat Lam Tam',3,'text/plain','Monika Yuryaev','http://dummyimage.com/129x243.bmp/5fa2dd/ffff','175.20.179.4',81143,'2017-03-26 00:00:00','2016-09-11 00:00:00','/vel/lectus/in.html','text/plain',0),(282,'Veribet',2,'text/plain','Joell Carlick','http://dummyimage.com/115x129.bmp/ff4444/ffff','251.20.48.233',7101,'2016-06-03 00:00:00','2017-02-17 00:00:00','/vel/dapibus/at/diam/nam/tristique/tortor.html','text/plain',0),(283,'Alpha',2,'text/plain','Leone Hambidge','http://dummyimage.com/157x188.png/dddddd/0000','249.218.158.200',5,'2016-12-03 00:00:00','2016-10-14 00:00:00','/metus/vitae/ipsum/aliquam/non/mauris/morbi.xml','text/plain',0),(284,'Opela',3,'text/plain','Noellyn Bidwell','http://dummyimage.com/218x173.jpg/5fa2dd/ffff','4.160.169.88',240,'2016-07-07 00:00:00','2016-09-30 00:00:00','/sit/amet/eros/suspendisse/accumsan/tortor/quis.png','text/plain',0),(285,'Biodex',3,'text/plain','Cirstoforo Danigel','http://dummyimage.com/142x166.bmp/5fa2dd/ffff','55.211.216.68',29,'2016-06-18 00:00:00','2016-08-31 00:00:00','/sed/vestibulum/sit.js','text/plain',0),(286,'Flowdesk',3,'text/plain','Jobye Whelpton','http://dummyimage.com/148x113.png/ff4444/ffff','249.71.136.44',76,'2017-02-16 00:00:00','2016-07-03 00:00:00','/semper/interdum/mauris/ullamcorper/purus/sit.jsp','text/plain',0),(287,'Cardify',3,'text/plain','Carmita Heighway','http://dummyimage.com/225x234.jpg/5fa2dd/ffff','138.253.25.247',40,'2017-02-21 00:00:00','2017-04-17 00:00:00','/non/velit/nec/nisi/vulputate/nonummy.jsp','text/plain',0),(288,'Konklab',3,'text/plain','Aindrea McShee','http://dummyimage.com/222x185.jpg/cc0000/ffff','165.212.161.24',788,'2016-08-18 00:00:00','2016-11-29 00:00:00','/nulla/nisl/nunc/nisl/duis/bibendum/felis.png','text/plain',0),(289,'Keylex',3,'text/plain','Christel Tullett','http://dummyimage.com/170x137.jpg/5fa2dd/ffff','37.80.117.227',1970,'2017-05-14 00:00:00','2016-07-02 00:00:00','/sapien/quis.js','text/plain',0),(290,'Zoolab',3,'text/plain','Nonna Sherston','http://dummyimage.com/114x169.png/5fa2dd/ffff','27.24.185.253',1,'2017-01-25 00:00:00','2016-06-12 00:00:00','/volutpat.png','text/plain',0),(291,'Mat Lam Tam',3,'text/plain','Richy Kassidy','http://dummyimage.com/182x114.bmp/cc0000/ffff','32.180.223.239',5442,'2016-12-24 00:00:00','2016-12-11 00:00:00','/et/magnis/dis/parturient/montes/nascetur.js','text/plain',0),(292,'Tampflex',2,'text/plain','Gerianna Refford','http://dummyimage.com/146x102.bmp/dddddd/0000','143.232.154.170',4872,'2017-04-16 00:00:00','2017-05-07 00:00:00','/convallis/duis/consequat/dui/nec/nisi/volutpat.jsp','text/plain',0),(293,'Y-find',2,'text/plain','Fredra Storkes','http://dummyimage.com/240x250.png/dddddd/0000','42.84.78.98',75,'2016-09-14 00:00:00','2016-06-18 00:00:00','/aliquam/quis/turpis/eget/elit.json','text/plain',0),(294,'Hatity',3,'text/plain','Mei Paolucci','http://dummyimage.com/118x225.png/dddddd/0000','66.214.67.71',7228,'2017-02-10 00:00:00','2016-06-12 00:00:00','/lectus/aliquam.aspx','text/plain',0),(295,'Treeflex',2,'text/plain','Morgun Gyles','http://dummyimage.com/214x133.bmp/cc0000/ffff','18.137.32.230',63515,'2016-09-26 00:00:00','2016-08-21 00:00:00','/donec/posuere/metus/vitae.jpg','text/plain',0),(296,'Tres-Zap',2,'text/plain','Nat Goaley','http://dummyimage.com/213x168.jpg/dddddd/0000','191.74.142.34',749,'2017-04-24 00:00:00','2017-05-06 00:00:00','/mauris/viverra/diam/vitae/quam/suspendisse.aspx','text/plain',0),(297,'Aerified',2,'text/plain','Lyda Keymer','http://dummyimage.com/161x186.png/cc0000/ffff','114.110.223.199',5,'2016-11-04 00:00:00','2017-04-17 00:00:00','/nec.aspx','text/plain',0),(298,'Stringtough',2,'text/plain','Fax Kinnier','http://dummyimage.com/102x111.jpg/5fa2dd/ffff','168.237.141.63',2,'2016-07-29 00:00:00','2016-07-13 00:00:00','/fusce/congue/diam.aspx','text/plain',0),(299,'Flowdesk',2,'text/plain','Jessy Mardy','http://dummyimage.com/247x144.jpg/ff4444/ffff','232.209.94.164',25491,'2016-07-23 00:00:00','2016-07-05 00:00:00','/sed/accumsan/felis.jsp','text/plain',0),(300,'Flowdesk',2,'text/plain','Humphrey Korn','http://dummyimage.com/154x166.bmp/ff4444/ffff','186.228.12.101',7,'2016-07-14 00:00:00','2017-03-24 00:00:00','/neque.png','text/plain',0),(301,'Asoka',2,'text/plain','La verne Damrell','http://dummyimage.com/206x110.bmp/cc0000/ffff','4.182.69.18',51978,'2017-01-28 00:00:00','2016-12-05 00:00:00','/sed/interdum/venenatis/turpis/enim.jsp','text/plain',0),(302,'Treeflex',2,'text/plain','Enrica Ridulfo','http://dummyimage.com/182x200.bmp/dddddd/0000','196.156.137.185',66,'2017-02-23 00:00:00','2017-01-18 00:00:00','/praesent/blandit.html','text/plain',0),(303,'Quo Lux',2,'text/plain','Francisco Najera','http://dummyimage.com/159x241.png/ff4444/ffff','155.247.206.113',92,'2017-03-16 00:00:00','2016-08-26 00:00:00','/est/phasellus.jpg','text/plain',0),(304,'Redhold',2,'text/plain','Salim Drake','http://dummyimage.com/203x158.png/cc0000/ffff','181.252.14.243',485,'2016-12-04 00:00:00','2017-03-06 00:00:00','/aenean.xml','text/plain',0),(305,'Domainer',2,'text/plain','Aguistin Salazar','http://dummyimage.com/225x206.bmp/ff4444/ffff','108.42.153.182',47,'2016-09-30 00:00:00','2016-10-28 00:00:00','/dui/luctus/rutrum/nulla.json','text/plain',0),(306,'Lotstring',2,'text/plain','Dianemarie Jerred','http://dummyimage.com/229x249.png/5fa2dd/ffff','27.164.36.252',176,'2017-03-05 00:00:00','2016-06-22 00:00:00','/mi/in/porttitor/pede/justo.json','text/plain',0),(307,'Bigtax',2,'text/plain','Maximilian Gussin','http://dummyimage.com/129x224.bmp/ff4444/ffff','151.38.206.220',76,'2016-05-30 00:00:00','2016-09-06 00:00:00','/ultrices.png','text/plain',0),(308,'Lotstring',2,'text/plain','Phyllis Kenchington','http://dummyimage.com/113x147.jpg/dddddd/0000','196.166.252.129',82067,'2016-08-29 00:00:00','2017-03-19 00:00:00','/sit/amet/lobortis/sapien.html','text/plain',0),(309,'Konklux',2,'text/plain','Forest Tschirasche','http://dummyimage.com/238x198.jpg/cc0000/ffff','178.67.14.11',578,'2016-07-08 00:00:00','2016-06-04 00:00:00','/adipiscing/elit/proin/risus/praesent/lectus/vestibulum.jpg','text/plain',0),(310,'Cardify',2,'text/plain','Aldin Velti','http://dummyimage.com/160x156.bmp/dddddd/0000','101.88.24.172',1938,'2017-04-08 00:00:00','2016-07-05 00:00:00','/enim/leo/rhoncus/sed/vestibulum/sit.xml','text/plain',0),(311,'Matsoft',2,'text/plain','Rollin Shutte','http://dummyimage.com/240x194.png/5fa2dd/ffff','249.208.68.67',2,'2016-06-15 00:00:00','2016-11-18 00:00:00','/donec/quis.html','text/plain',0),(312,'Latlux',2,'text/plain','Jaye Gaytor','http://dummyimage.com/156x182.jpg/cc0000/ffff','72.233.116.36',868,'2016-07-09 00:00:00','2016-09-04 00:00:00','/mattis/pulvinar/nulla.jsp','text/plain',0),(313,'Tin',2,'text/plain','Vincent Gerant','http://dummyimage.com/101x163.bmp/ff4444/ffff','68.144.97.196',3,'2017-04-07 00:00:00','2016-10-09 00:00:00','/suscipit/ligula/in.jsp','text/plain',0),(314,'Sonair',2,'text/plain','Johnath Eefting','http://dummyimage.com/107x225.png/cc0000/ffff','194.10.26.100',65,'2017-03-04 00:00:00','2017-05-07 00:00:00','/dapibus/augue/vel/accumsan/tellus.html','text/plain',0),(315,'Tempsoft',2,'text/plain','Vally Stroband','http://dummyimage.com/133x217.jpg/cc0000/ffff','89.13.134.73',97521,'2016-12-02 00:00:00','2016-10-18 00:00:00','/nunc/donec/quis/orci/eget/orci.json','text/plain',0),(316,'Flexidy',2,'text/plain','Madelaine Mucklo','http://dummyimage.com/168x209.bmp/5fa2dd/ffff','169.139.131.124',18,'2016-12-06 00:00:00','2017-01-04 00:00:00','/dis/parturient/montes.png','text/plain',0),(317,'Solarbreeze',2,'text/plain','Dale Nequest','http://dummyimage.com/112x103.png/5fa2dd/ffff','255.11.192.133',8,'2017-02-16 00:00:00','2016-12-04 00:00:00','/platea/dictumst/aliquam/augue/quam/sollicitudin.aspx','text/plain',0),(318,'Zamit',2,'text/plain','Betteann Zima','http://dummyimage.com/188x199.jpg/cc0000/ffff','6.44.166.222',141,'2017-02-01 00:00:00','2016-11-18 00:00:00','/amet.jpg','text/plain',0),(319,'Stringtough',2,'text/plain','Gunar Bugler','http://dummyimage.com/161x193.jpg/5fa2dd/ffff','132.143.174.173',566,'2016-11-22 00:00:00','2016-11-19 00:00:00','/ultrices/enim/lorem/ipsum/dolor/sit.html','text/plain',0),(320,'Prodder',2,'text/plain','Bevan Grishunin','http://dummyimage.com/168x193.png/5fa2dd/ffff','7.11.123.120',31,'2016-08-21 00:00:00','2017-04-10 00:00:00','/lorem/ipsum/dolor/sit/amet/consectetuer/adipiscing.jpg','text/plain',0),(321,'Redhold',2,'text/plain','Kaylil Churchin','http://dummyimage.com/137x113.jpg/cc0000/ffff','87.105.186.221',95787,'2016-11-11 00:00:00','2017-03-01 00:00:00','/eros/viverra.png','text/plain',0),(322,'Konklab',2,'text/plain','Maure Garret','http://dummyimage.com/173x149.bmp/ff4444/ffff','105.21.101.183',1,'2016-09-11 00:00:00','2016-09-19 00:00:00','/tincidunt/ante/vel.png','text/plain',0),(323,'Subin',2,'text/plain','Valentine MacCarter','http://dummyimage.com/209x236.jpg/dddddd/0000','104.244.186.21',71,'2016-06-04 00:00:00','2016-08-01 00:00:00','/platea/dictumst.jpg','text/plain',0),(324,'Toughjoyfax',2,'text/plain','Tremayne McTrustrie','http://dummyimage.com/182x105.bmp/5fa2dd/ffff','111.248.96.128',15912,'2016-07-25 00:00:00','2017-04-08 00:00:00','/felis/ut/at/dolor/quis.json','text/plain',0),(325,'Bamity',2,'text/plain','Bibi Dyke','http://dummyimage.com/134x162.bmp/5fa2dd/ffff','46.123.207.196',99027,'2016-09-07 00:00:00','2017-03-29 00:00:00','/eu/orci/mauris/lacinia/sapien.json','text/plain',0),(326,'Bigtax',2,'text/plain','Aluin Chatterton','http://dummyimage.com/166x128.png/dddddd/0000','254.116.239.216',84693,'2017-05-24 00:00:00','2017-01-23 00:00:00','/phasellus/id/sapien/in/sapien.js','text/plain',0),(327,'Span',2,'text/plain','Rhoda Fontelles','http://dummyimage.com/136x243.jpg/cc0000/ffff','102.123.15.211',42,'2017-04-07 00:00:00','2016-07-19 00:00:00','/proin/eu/mi/nulla/ac.aspx','text/plain',0),(328,'Tres-Zap',3,'text/plain','Carny Emms','http://dummyimage.com/143x211.png/cc0000/ffff','32.91.37.249',20480,'2016-06-06 00:00:00','2017-04-30 00:00:00','/odio/cras.json','text/plain',0),(329,'Zontrax',3,'text/plain','Selle Yexley','http://dummyimage.com/108x143.bmp/dddddd/0000','130.228.215.194',3310,'2016-10-29 00:00:00','2017-05-09 00:00:00','/ultrices/mattis/odio/donec/vitae.xml','text/plain',0),(330,'Fixflex',3,'text/plain','Delia Rebert','http://dummyimage.com/197x196.png/5fa2dd/ffff','120.160.239.58',753,'2016-07-02 00:00:00','2017-03-06 00:00:00','/primis/in/faucibus/orci/luctus/et/ultrices.json','text/plain',0),(331,'Daltfresh',3,'text/plain','Loralie Kermott','http://dummyimage.com/209x205.jpg/5fa2dd/ffff','122.198.196.135',159,'2017-04-25 00:00:00','2016-11-04 00:00:00','/at/feugiat/non.json','text/plain',0),(332,'Rank',3,'text/plain','Dukie Lindroos','http://dummyimage.com/201x193.jpg/ff4444/ffff','245.46.21.232',13,'2016-08-17 00:00:00','2016-07-21 00:00:00','/hac/habitasse/platea/dictumst/aliquam.jpg','text/plain',0),(333,'Matsoft',3,'text/plain','Othilia Kornyshev','http://dummyimage.com/123x100.png/ff4444/ffff','229.140.164.51',75665,'2017-05-11 00:00:00','2017-03-19 00:00:00','/id.xml','text/plain',0),(334,'Zamit',3,'text/plain','Emmit Sheaf','http://dummyimage.com/118x174.png/cc0000/ffff','131.136.156.186',1,'2016-07-11 00:00:00','2017-04-24 00:00:00','/turpis/donec.jpg','text/plain',0),(335,'Fintone',3,'text/plain','Sondra Boaler','http://dummyimage.com/247x195.png/5fa2dd/ffff','76.23.87.157',54145,'2017-05-24 00:00:00','2016-06-30 00:00:00','/at.js','text/plain',0),(336,'Zamit',3,'text/plain','Colan Menear','http://dummyimage.com/207x156.jpg/5fa2dd/ffff','200.160.46.109',16,'2016-09-04 00:00:00','2016-09-20 00:00:00','/eleifend/donec.html','text/plain',0),(337,'Zoolab',3,'text/plain','Joannes Forsdike','http://dummyimage.com/249x209.png/5fa2dd/ffff','53.93.183.159',880,'2016-06-19 00:00:00','2016-11-30 00:00:00','/velit/eu.json','text/plain',0),(338,'Kanlam',3,'text/plain','Remy Bridgland','http://dummyimage.com/235x137.bmp/cc0000/ffff','150.167.59.2',46534,'2016-11-03 00:00:00','2017-03-20 00:00:00','/mauris/enim/leo/rhoncus.json','text/plain',0),(339,'Kanlam',3,'text/plain','See Siemandl','http://dummyimage.com/166x148.jpg/5fa2dd/ffff','80.166.14.117',1186,'2016-08-13 00:00:00','2017-02-22 00:00:00','/velit/eu/est.jpg','text/plain',0),(340,'Domainer',3,'text/plain','Leslie Valder','http://dummyimage.com/129x236.png/cc0000/ffff','229.235.79.209',707,'2016-09-03 00:00:00','2016-10-10 00:00:00','/neque/duis/bibendum/morbi/non/quam/nec.jsp','text/plain',0),(341,'Zaam-Dox',3,'text/plain','Elicia Pawle','http://dummyimage.com/111x238.bmp/5fa2dd/ffff','243.230.22.235',67,'2016-09-23 00:00:00','2017-03-28 00:00:00','/maecenas/rhoncus/aliquam/lacus.json','text/plain',0),(342,'Stronghold',3,'text/plain','Nowell Sercombe','http://dummyimage.com/161x182.png/dddddd/0000','34.231.133.120',4953,'2016-08-05 00:00:00','2017-05-17 00:00:00','/amet/sapien/dignissim/vestibulum/vestibulum/ante.html','text/plain',0),(343,'Trippledex',3,'text/plain','Shari Pandie','http://dummyimage.com/212x218.png/dddddd/0000','5.124.82.124',7,'2016-10-21 00:00:00','2016-09-30 00:00:00','/rhoncus/aliquet/pulvinar/sed.aspx','text/plain',0),(344,'Tempsoft',3,'text/plain','Avrit Whichelow','http://dummyimage.com/213x245.bmp/cc0000/ffff','71.206.22.20',81528,'2016-08-09 00:00:00','2016-12-02 00:00:00','/ipsum/integer/a/nibh/in/quis.js','text/plain',0),(345,'Quo Lux',3,'text/plain','Godwin Laver','http://dummyimage.com/122x246.bmp/cc0000/ffff','113.254.69.133',19689,'2017-05-14 00:00:00','2017-02-07 00:00:00','/blandit.js','text/plain',0),(346,'Mat Lam Tam',3,'text/plain','Drusi Seargeant','http://dummyimage.com/122x250.png/cc0000/ffff','206.138.113.170',245,'2016-10-08 00:00:00','2016-11-07 00:00:00','/duis/ac/nibh/fusce/lacus/purus/aliquet.xml','text/plain',0),(347,'Veribet',3,'text/plain','Gordy Bramich','http://dummyimage.com/244x173.jpg/5fa2dd/ffff','88.140.21.23',5435,'2016-07-12 00:00:00','2016-11-24 00:00:00','/ultrices/phasellus/id/sapien/in.aspx','text/plain',0),(348,'Flowdesk',3,'text/plain','Correy Dies','http://dummyimage.com/239x170.jpg/ff4444/ffff','153.64.127.120',5,'2016-08-23 00:00:00','2017-01-30 00:00:00','/faucibus/orci/luctus/et.jsp','text/plain',0),(349,'Veribet',3,'text/plain','Arnaldo Gummoe','http://dummyimage.com/237x168.bmp/5fa2dd/ffff','91.59.230.62',5480,'2017-04-28 00:00:00','2016-11-29 00:00:00','/tincidunt/eu/felis/fusce/posuere/felis.html','text/plain',0),(350,'Temp',3,'text/plain','Arv Rillatt','http://dummyimage.com/225x187.jpg/5fa2dd/ffff','244.186.162.71',50868,'2017-05-07 00:00:00','2017-04-06 00:00:00','/elementum/eu/interdum/eu/tincidunt/in/leo.html','text/plain',0),(351,'Overhold',3,'text/plain','Gerek Grombridge','http://dummyimage.com/241x119.jpg/5fa2dd/ffff','68.36.5.4',0,'2017-04-12 00:00:00','2016-12-05 00:00:00','/quis.jpg','text/plain',0),(352,'Redhold',3,'text/plain','Luciano Form','http://dummyimage.com/157x227.bmp/5fa2dd/ffff','75.208.217.233',4,'2016-12-25 00:00:00','2016-10-15 00:00:00','/praesent.jsp','text/plain',0),(353,'Regrant',3,'text/plain','Hetti Iuorio','http://dummyimage.com/248x248.bmp/ff4444/ffff','229.65.110.79',508,'2017-04-19 00:00:00','2016-11-30 00:00:00','/eleifend/luctus/ultricies/eu.png','text/plain',0),(354,'Sonsing',3,'text/plain','Tedie Bartlomieczak','http://dummyimage.com/249x150.jpg/cc0000/ffff','182.39.58.205',8,'2016-12-30 00:00:00','2016-11-02 00:00:00','/primis/in.png','text/plain',0),(355,'Pannier',3,'text/plain','Edgard Canby','http://dummyimage.com/152x164.png/cc0000/ffff','21.93.35.215',79,'2016-06-18 00:00:00','2017-05-19 00:00:00','/aliquam/convallis/nunc/proin/at/turpis.png','text/plain',0),(356,'Temp',3,'text/plain','Collin Garthland','http://dummyimage.com/125x215.png/cc0000/ffff','126.238.202.254',7695,'2017-02-04 00:00:00','2016-06-11 00:00:00','/elementum/pellentesque/quisque/porta/volutpat/erat/quisque.jsp','text/plain',0),(357,'Flowdesk',3,'text/plain','Marielle Mathewes','http://dummyimage.com/157x216.bmp/cc0000/ffff','46.196.135.191',213,'2017-02-19 00:00:00','2016-09-28 00:00:00','/diam/cras/pellentesque.js','text/plain',0),(358,'Namfix',3,'text/plain','Carter Falck','http://dummyimage.com/166x151.png/ff4444/ffff','155.17.65.142',4399,'2016-11-10 00:00:00','2017-04-01 00:00:00','/dolor/quis/odio/consequat.json','text/plain',0),(359,'Treeflex',3,'text/plain','Burnard Sines','http://dummyimage.com/106x204.jpg/ff4444/ffff','27.238.33.101',57814,'2016-11-08 00:00:00','2016-08-29 00:00:00','/dapibus/at/diam/nam/tristique/tortor.png','text/plain',0),(360,'Domainer',3,'text/plain','Raoul Lappine','http://dummyimage.com/183x163.bmp/5fa2dd/ffff','13.155.196.216',54832,'2017-05-01 00:00:00','2016-06-12 00:00:00','/auctor/sed/tristique/in/tempus/sit/amet.jpg','text/plain',0),(361,'Greenlam',3,'text/plain','Florian Lumsdall','http://dummyimage.com/216x238.jpg/ff4444/ffff','185.93.96.12',14416,'2017-04-21 00:00:00','2017-05-01 00:00:00','/luctus/tincidunt/nulla/mollis/molestie.jpg','text/plain',0),(362,'Zontrax',3,'text/plain','Dalston Holdworth','http://dummyimage.com/212x161.jpg/dddddd/0000','238.237.221.19',98340,'2016-06-26 00:00:00','2017-04-17 00:00:00','/sit/amet/nunc/viverra/dapibus/nulla/suscipit.jsp','text/plain',0),(363,'Flowdesk',3,'text/plain','Demetra Mawer','http://dummyimage.com/116x110.png/dddddd/0000','20.105.174.215',40648,'2016-11-29 00:00:00','2016-12-25 00:00:00','/vestibulum/vestibulum/ante.js','text/plain',0),(364,'Voyatouch',3,'text/plain','Kaleb Rosenstengel','http://dummyimage.com/244x129.bmp/5fa2dd/ffff','220.131.165.143',2578,'2016-08-25 00:00:00','2017-02-20 00:00:00','/turpis/a/pede.xml','text/plain',0),(365,'Regrant',3,'text/plain','Courtnay Tanman','http://dummyimage.com/133x143.png/5fa2dd/ffff','197.203.37.242',59627,'2017-04-28 00:00:00','2017-05-05 00:00:00','/et.json','text/plain',0),(366,'Bamity',3,'text/plain','Gibb Hayto','http://dummyimage.com/169x174.jpg/5fa2dd/ffff','128.175.241.70',259,'2017-04-25 00:00:00','2017-05-12 00:00:00','/amet/consectetuer/adipiscing/elit/proin.aspx','text/plain',0),(367,'Fintone',3,'text/plain','Minni Patkin','http://dummyimage.com/133x205.png/dddddd/0000','207.53.0.232',9901,'2017-03-26 00:00:00','2016-10-14 00:00:00','/bibendum.json','text/plain',0),(368,'Trippledex',3,'text/plain','Loleta Stutely','http://dummyimage.com/247x226.jpg/5fa2dd/ffff','28.207.101.8',14,'2016-12-17 00:00:00','2016-09-30 00:00:00','/pede/ac.aspx','text/plain',0),(369,'Greenlam',3,'text/plain','Delmer Gooch','http://dummyimage.com/142x140.png/dddddd/0000','149.244.105.208',304,'2016-11-23 00:00:00','2016-10-26 00:00:00','/non.jsp','text/plain',0),(370,'Hatity',3,'text/plain','Devland Batsford','http://dummyimage.com/110x133.jpg/5fa2dd/ffff','148.105.218.86',958,'2016-12-10 00:00:00','2016-07-04 00:00:00','/rutrum/ac.json','text/plain',0),(371,'Veribet',3,'text/plain','Vincent Morgans','http://dummyimage.com/178x113.bmp/ff4444/ffff','130.187.26.246',3,'2017-05-06 00:00:00','2016-12-15 00:00:00','/nisl.js','text/plain',0),(372,'Stringtough',3,'text/plain','Allx Totton','http://dummyimage.com/145x236.png/cc0000/ffff','32.29.134.144',70896,'2017-02-12 00:00:00','2016-09-10 00:00:00','/dui/vel/sem.html','text/plain',0),(373,'Trippledex',3,'text/plain','Godfree Aldridge','http://dummyimage.com/107x197.png/ff4444/ffff','219.195.39.128',650,'2016-10-18 00:00:00','2017-02-02 00:00:00','/magna.html','text/plain',0),(374,'Lotstring',3,'text/plain','Anabelle Lumly','http://dummyimage.com/118x163.jpg/5fa2dd/ffff','163.247.122.190',58,'2017-01-02 00:00:00','2016-06-26 00:00:00','/praesent/blandit.xml','text/plain',0),(375,'Trippledex',3,'text/plain','Augusta Niezen','http://dummyimage.com/213x194.png/dddddd/0000','111.50.72.96',3383,'2017-01-10 00:00:00','2016-11-29 00:00:00','/eleifend/pede.png','text/plain',0),(376,'Rank',3,'text/plain','Ollie Kardos','http://dummyimage.com/209x237.jpg/cc0000/ffff','3.38.100.118',5,'2016-11-15 00:00:00','2017-01-08 00:00:00','/pede/posuere/nonummy/integer/non/velit/donec.png','text/plain',0),(377,'Stim',3,'text/plain','Dulsea Hanhardt','http://dummyimage.com/221x240.png/5fa2dd/ffff','82.177.241.89',31,'2017-01-11 00:00:00','2016-10-21 00:00:00','/erat/curabitur/gravida/nisi/at/nibh/in.jpg','text/plain',0),(378,'Mat Lam Tam',3,'text/plain','Brooke Devanney','http://dummyimage.com/189x152.jpg/ff4444/ffff','154.170.32.218',60111,'2016-09-27 00:00:00','2017-03-04 00:00:00','/id/luctus.js','text/plain',0),(379,'Tempsoft',3,'text/plain','Dorita Garces','http://dummyimage.com/123x188.png/5fa2dd/ffff','87.92.206.200',1697,'2016-06-02 00:00:00','2016-07-22 00:00:00','/donec/dapibus/duis/at/velit.aspx','text/plain',0),(380,'Mat Lam Tam',3,'text/plain','Emilia Pratte','http://dummyimage.com/201x217.jpg/5fa2dd/ffff','162.26.172.175',5,'2016-09-16 00:00:00','2017-02-06 00:00:00','/sit/amet/justo/morbi/ut/odio.jpg','text/plain',0),(381,'Wrapsafe',3,'text/plain','Louie Whorall','http://dummyimage.com/240x221.bmp/cc0000/ffff','202.154.176.135',9646,'2016-08-24 00:00:00','2016-11-14 00:00:00','/in/felis/donec/semper.xml','text/plain',0),(382,'Bytecard',3,'text/plain','Giustina Eggers','http://dummyimage.com/246x240.png/5fa2dd/ffff','225.190.241.192',6,'2016-06-05 00:00:00','2017-02-20 00:00:00','/magna/vulputate.json','text/plain',0),(383,'Opela',3,'text/plain','Zachariah Sawter','http://dummyimage.com/235x197.png/cc0000/ffff','224.62.244.213',6171,'2016-08-03 00:00:00','2016-11-01 00:00:00','/lacus/morbi/sem/mauris.json','text/plain',0),(384,'Zontrax',3,'text/plain','Joye Ginity','http://dummyimage.com/249x122.jpg/dddddd/0000','220.14.165.45',53,'2016-11-26 00:00:00','2016-06-29 00:00:00','/ut/tellus/nulla.json','text/plain',0),(385,'Gembucket',3,'text/plain','Carmita Trippick','http://dummyimage.com/160x247.png/ff4444/ffff','169.11.164.69',80,'2017-01-09 00:00:00','2017-02-10 00:00:00','/velit/vivamus/vel/nulla.html','text/plain',0),(386,'Zamit',3,'text/plain','Ami Folkard','http://dummyimage.com/211x113.jpg/dddddd/0000','43.252.66.184',9,'2017-01-29 00:00:00','2016-06-26 00:00:00','/odio.xml','text/plain',0),(387,'Solarbreeze',3,'text/plain','Kassandra Habbin','http://dummyimage.com/176x208.jpg/ff4444/ffff','253.115.13.135',20460,'2016-08-31 00:00:00','2017-04-08 00:00:00','/metus/aenean/fermentum/donec.js','text/plain',0),(388,'Temp',3,'text/plain','Selene Sheer','http://dummyimage.com/180x127.bmp/ff4444/ffff','8.159.108.37',5372,'2017-01-10 00:00:00','2016-06-09 00:00:00','/lacinia/nisi/venenatis/tristique/fusce/congue.jsp','text/plain',0),(389,'Viva',3,'text/plain','Laurens Aizkovitch','http://dummyimage.com/121x151.bmp/5fa2dd/ffff','211.192.233.110',3,'2017-01-07 00:00:00','2016-11-12 00:00:00','/sapien/ut/nunc/vestibulum/ante/ipsum.png','text/plain',0),(390,'Mat Lam Tam',3,'text/plain','Karolina Strowther','http://dummyimage.com/139x184.jpg/ff4444/ffff','247.26.187.37',2938,'2016-11-26 00:00:00','2016-07-07 00:00:00','/id/ornare/imperdiet/sapien.jpg','text/plain',0),(391,'Trippledex',3,'text/plain','Kerianne Farron','http://dummyimage.com/177x137.png/cc0000/ffff','225.70.160.11',95004,'2017-03-19 00:00:00','2017-04-03 00:00:00','/in.png','text/plain',0),(392,'It',3,'text/plain','Johannah Staniford','http://dummyimage.com/109x136.bmp/ff4444/ffff','157.43.86.246',95265,'2016-11-28 00:00:00','2016-10-22 00:00:00','/pellentesque/ultrices/mattis/odio/donec/vitae/nisi.json','text/plain',0),(393,'Voyatouch',3,'text/plain','Frazer Earlam','http://dummyimage.com/133x238.jpg/dddddd/0000','120.206.65.77',984,'2016-06-26 00:00:00','2017-04-27 00:00:00','/amet/consectetuer.html','text/plain',0),(394,'Opela',3,'text/plain','Annelise Clamp','http://dummyimage.com/171x178.jpg/dddddd/0000','127.95.126.21',5809,'2017-04-12 00:00:00','2016-08-09 00:00:00','/in/faucibus/orci.aspx','text/plain',0),(395,'Andalax',3,'text/plain','Kaela Churcher','http://dummyimage.com/208x103.jpg/cc0000/ffff','88.87.182.119',3353,'2017-05-21 00:00:00','2016-12-28 00:00:00','/vestibulum/velit.json','text/plain',0),(396,'Daltfresh',3,'text/plain','Lynnette Salery','http://dummyimage.com/108x131.jpg/cc0000/ffff','134.255.181.111',970,'2017-04-27 00:00:00','2017-05-07 00:00:00','/porta/volutpat/quam/pede/lobortis/ligula.png','text/plain',0),(397,'Opela',3,'text/plain','Feliza Maylam','http://dummyimage.com/242x220.bmp/ff4444/ffff','4.25.93.169',87,'2016-12-27 00:00:00','2016-09-13 00:00:00','/condimentum.jsp','text/plain',0),(398,'Voyatouch',3,'text/plain','Avrom Cowsby','http://dummyimage.com/185x108.jpg/ff4444/ffff','38.75.127.223',95,'2016-07-05 00:00:00','2016-10-05 00:00:00','/eros/suspendisse/accumsan/tortor/quis/turpis.jsp','text/plain',0),(399,'Redhold',3,'text/plain','Elise Philippet','http://dummyimage.com/166x121.png/ff4444/ffff','143.178.124.192',7,'2017-02-22 00:00:00','2017-04-17 00:00:00','/mauris/enim/leo/rhoncus.aspx','text/plain',0),(400,'Job',3,'text/plain','Shell Levington','http://dummyimage.com/198x147.png/5fa2dd/ffff','42.166.81.163',476,'2016-10-12 00:00:00','2017-03-02 00:00:00','/sem/sed/sagittis/nam/congue/risus.js','text/plain',0),(401,'Zoolab',3,'text/plain','Erma Tattersall','http://dummyimage.com/223x153.jpg/cc0000/ffff','112.162.169.68',91,'2016-09-15 00:00:00','2017-01-28 00:00:00','/elit/proin.jpg','text/plain',0),(402,'Zaam-Dox',3,'text/plain','Jenilee Dolling','http://dummyimage.com/185x250.bmp/dddddd/0000','157.117.129.12',6218,'2016-07-30 00:00:00','2016-08-15 00:00:00','/nonummy/integer/non/velit/donec.jsp','text/plain',0),(403,'Wrapsafe',3,'text/plain','Kerk Edsall','http://dummyimage.com/195x139.jpg/dddddd/0000','249.197.101.249',395,'2016-07-30 00:00:00','2016-08-27 00:00:00','/sit/amet/sem/fusce/consequat.xml','text/plain',0),(404,'Quo Lux',3,'text/plain','Adolph Pankhurst.','http://dummyimage.com/185x181.png/cc0000/ffff','143.120.214.171',16,'2016-05-30 00:00:00','2017-01-08 00:00:00','/duis/bibendum/morbi/non.aspx','text/plain',0),(405,'Cardify',3,'text/plain','Halette Iorio','http://dummyimage.com/198x108.bmp/5fa2dd/ffff','24.143.157.127',5,'2016-06-14 00:00:00','2016-07-21 00:00:00','/nascetur.png','text/plain',0),(406,'Alpha',3,'text/plain','Mandy Barby','http://dummyimage.com/128x205.bmp/cc0000/ffff','198.175.67.112',73,'2016-12-17 00:00:00','2017-05-06 00:00:00','/odio.jsp','text/plain',0),(407,'Voltsillam',3,'text/plain','Neil Physick','http://dummyimage.com/109x133.bmp/dddddd/0000','156.227.102.146',8,'2016-06-06 00:00:00','2017-01-11 00:00:00','/nisi/eu/orci/mauris/lacinia/sapien/quis.jsp','text/plain',0),(408,'Voltsillam',3,'text/plain','Drusie Crownshaw','http://dummyimage.com/102x107.bmp/cc0000/ffff','228.131.176.109',2,'2016-10-30 00:00:00','2016-11-08 00:00:00','/quam/fringilla/rhoncus/mauris.html','text/plain',0),(409,'Otcom',3,'text/plain','Sean Kemmons','http://dummyimage.com/241x224.bmp/ff4444/ffff','233.133.235.46',0,'2017-04-11 00:00:00','2016-07-24 00:00:00','/vulputate.png','text/plain',0),(410,'Flowdesk',3,'text/plain','Dasie Godspede','http://dummyimage.com/123x188.jpg/dddddd/0000','171.2.42.114',552,'2017-04-26 00:00:00','2017-02-14 00:00:00','/imperdiet/nullam/orci/pede/venenatis.jsp','text/plain',0),(411,'Solarbreeze',3,'text/plain','Lorene Lothlorien','http://dummyimage.com/117x101.jpg/dddddd/0000','208.52.27.37',93802,'2016-09-07 00:00:00','2017-01-09 00:00:00','/ligula/pellentesque/ultrices/phasellus.html','text/plain',0),(412,'Fintone',3,'text/plain','Carlo Cron','http://dummyimage.com/103x158.png/cc0000/ffff','92.244.171.186',850,'2017-05-25 00:00:00','2017-01-21 00:00:00','/aenean/lectus/pellentesque/eget.js','text/plain',0),(413,'Sub-Ex',3,'text/plain','Bret Serrurier','http://dummyimage.com/145x137.jpg/dddddd/0000','55.85.2.162',50,'2017-01-30 00:00:00','2017-02-20 00:00:00','/porttitor/lorem/id/ligula.js','text/plain',0),(414,'Wrapsafe',3,'text/plain','Violetta Lunck','http://dummyimage.com/239x107.png/dddddd/0000','198.133.163.42',5927,'2017-03-23 00:00:00','2016-08-01 00:00:00','/nulla/nunc/purus/phasellus/in/felis/donec.png','text/plain',0),(415,'Otcom',3,'text/plain','Darby Lampett','http://dummyimage.com/244x149.jpg/5fa2dd/ffff','102.80.210.97',1342,'2016-07-20 00:00:00','2017-02-06 00:00:00','/quis.jsp','text/plain',0),(416,'Toughjoyfax',3,'text/plain','Orelie Barrand','http://dummyimage.com/234x235.png/dddddd/0000','99.187.24.31',3,'2017-03-21 00:00:00','2016-08-26 00:00:00','/at/nunc/commodo/placerat/praesent.xml','text/plain',0),(417,'Veribet',3,'text/plain','Shurlock Elis','http://dummyimage.com/121x236.bmp/ff4444/ffff','104.220.119.33',3,'2016-10-30 00:00:00','2016-07-01 00:00:00','/aliquam/augue/quam/sollicitudin/vitae/consectetuer.json','text/plain',0),(418,'Overhold',3,'text/plain','Bambi Costellow','http://dummyimage.com/179x177.jpg/ff4444/ffff','127.53.243.164',72515,'2017-01-16 00:00:00','2017-02-04 00:00:00','/porttitor/lacus/at/turpis.jsp','text/plain',0),(419,'It',3,'text/plain','Welbie Ablott','http://dummyimage.com/138x244.bmp/5fa2dd/ffff','5.1.95.32',47,'2016-06-20 00:00:00','2016-12-29 00:00:00','/donec/quis.xml','text/plain',0),(420,'Otcom',3,'text/plain','Madge Ondrasek','http://dummyimage.com/100x199.bmp/cc0000/ffff','254.210.129.251',802,'2017-04-09 00:00:00','2016-12-13 00:00:00','/elementum/eu.jsp','text/plain',0),(421,'Transcof',3,'text/plain','Yolande Kimmince','http://dummyimage.com/174x204.jpg/cc0000/ffff','168.209.232.206',8,'2017-01-02 00:00:00','2016-06-28 00:00:00','/luctus/et/ultrices/posuere/cubilia/curae.aspx','text/plain',0),(422,'It',3,'text/plain','Jeanie Maywood','http://dummyimage.com/195x177.jpg/5fa2dd/ffff','73.151.81.58',3,'2017-03-16 00:00:00','2016-09-06 00:00:00','/purus/aliquet.jsp','text/plain',0),(423,'Latlux',3,'text/plain','Sheilakathryn Mostyn','http://dummyimage.com/148x189.jpg/dddddd/0000','56.215.145.50',6,'2017-03-31 00:00:00','2017-04-05 00:00:00','/nulla/elit/ac.jpg','text/plain',0),(424,'Bitchip',3,'text/plain','Payton Vineall','http://dummyimage.com/163x167.jpg/5fa2dd/ffff','109.217.166.26',4,'2016-10-27 00:00:00','2016-08-07 00:00:00','/aliquet.json','text/plain',0),(425,'Kanlam',3,'text/plain','Nicoline Jojic','http://dummyimage.com/114x201.bmp/ff4444/ffff','99.19.108.219',5,'2016-12-22 00:00:00','2016-10-25 00:00:00','/eu/orci/mauris/lacinia.js','text/plain',0),(426,'Gembucket',3,'text/plain','Maegan Syrie','http://dummyimage.com/168x110.jpg/cc0000/ffff','161.8.98.140',75616,'2017-05-16 00:00:00','2017-03-07 00:00:00','/primis/in.png','text/plain',0),(427,'Greenlam',3,'text/plain','Alley Spendlove','http://dummyimage.com/197x222.bmp/ff4444/ffff','10.92.32.130',6039,'2017-01-13 00:00:00','2016-11-17 00:00:00','/pulvinar/lobortis/est/phasellus.js','text/plain',0),(428,'Bamity',3,'text/plain','Chiarra Newarte','http://dummyimage.com/127x213.jpg/ff4444/ffff','131.122.62.14',67462,'2017-02-18 00:00:00','2016-12-31 00:00:00','/et/ultrices/posuere/cubilia/curae/mauris/viverra.png','text/plain',0),(429,'Cardify',3,'text/plain','Kippy Jelf','http://dummyimage.com/108x139.bmp/5fa2dd/ffff','97.5.20.122',20816,'2017-04-08 00:00:00','2016-10-21 00:00:00','/imperdiet/et/commodo/vulputate.jsp','text/plain',0),(430,'Sub-Ex',3,'text/plain','Deedee Winterburn','http://dummyimage.com/188x201.png/dddddd/0000','84.28.24.64',6540,'2017-01-28 00:00:00','2017-02-06 00:00:00','/venenatis/tristique/fusce.png','text/plain',0),(431,'Cardguard',3,'text/plain','Sarita Rawles','http://dummyimage.com/140x216.jpg/5fa2dd/ffff','234.27.180.221',700,'2016-11-23 00:00:00','2016-10-16 00:00:00','/nulla.html','text/plain',0),(432,'Keylex',3,'text/plain','Fax Swatland','http://dummyimage.com/246x171.jpg/cc0000/ffff','14.115.160.14',4823,'2017-03-31 00:00:00','2016-07-07 00:00:00','/eget/nunc.jsp','text/plain',0),(433,'Alphazap',3,'text/plain','Laverne Mowne','http://dummyimage.com/190x239.jpg/5fa2dd/ffff','100.117.156.39',947,'2016-06-23 00:00:00','2016-07-24 00:00:00','/ipsum/primis/in/faucibus/orci.png','text/plain',0),(434,'Tresom',3,'text/plain','Peter Pape','http://dummyimage.com/164x149.png/ff4444/ffff','27.129.36.176',243,'2016-11-22 00:00:00','2016-09-20 00:00:00','/sapien/arcu/sed/augue/aliquam.xml','text/plain',0),(435,'Tin',3,'text/plain','Jamil Short','http://dummyimage.com/250x246.bmp/dddddd/0000','109.178.14.218',99,'2016-08-13 00:00:00','2016-10-06 00:00:00','/sapien/varius/ut/blandit.png','text/plain',0),(436,'Holdlamis',3,'text/plain','Alicea Blinder','http://dummyimage.com/179x147.bmp/5fa2dd/ffff','224.114.155.208',6,'2016-07-22 00:00:00','2016-09-23 00:00:00','/nullam/molestie/nibh/in/lectus/pellentesque.xml','text/plain',0),(437,'Regrant',3,'text/plain','Dale Hinnerk','http://dummyimage.com/203x225.jpg/dddddd/0000','156.104.229.216',84,'2016-05-27 00:00:00','2017-04-21 00:00:00','/vel/enim/sit/amet/nunc/viverra.jsp','text/plain',0),(438,'Zamit',3,'text/plain','Bruis Rhule','http://dummyimage.com/143x230.bmp/dddddd/0000','89.205.125.219',75280,'2017-01-29 00:00:00','2017-03-22 00:00:00','/sociis/natoque/penatibus/et/magnis.js','text/plain',0),(439,'Tampflex',3,'text/plain','Nat Dalwood','http://dummyimage.com/123x149.bmp/5fa2dd/ffff','228.17.195.251',69658,'2016-09-11 00:00:00','2017-05-06 00:00:00','/ipsum.aspx','text/plain',0);
/*!40000 ALTER TABLE `story` ENABLE KEYS */;
UNLOCK TABLES;

--
-- Table structure for table `viewer`
--

DROP TABLE IF EXISTS `viewer`;
/*!40101 SET @saved_cs_client     = @@character_set_client */;
/*!40101 SET character_set_client = utf8 */;
CREATE TABLE `viewer` (
  `view_id` int(11) NOT NULL AUTO_INCREMENT,
  `story_id` int(11) DEFAULT NULL,
  `chapter_id` int(11) DEFAULT NULL,
  `number_views` int(11) DEFAULT NULL,
  `ip` varchar(50) COLLATE utf8_unicode_ci DEFAULT NULL,
  `browser` varchar(1000) COLLATE utf8_unicode_ci DEFAULT NULL,
  `geolocation` varchar(500) COLLATE utf8_unicode_ci DEFAULT NULL,
  PRIMARY KEY (`view_id`)
) ENGINE=InnoDB DEFAULT CHARSET=utf8 COLLATE=utf8_unicode_ci;
/*!40101 SET character_set_client = @saved_cs_client */;

--
-- Dumping data for table `viewer`
--

LOCK TABLES `viewer` WRITE;
/*!40000 ALTER TABLE `viewer` DISABLE KEYS */;
/*!40000 ALTER TABLE `viewer` ENABLE KEYS */;
UNLOCK TABLES;

--
-- Dumping routines for database 'story_db'
--
/*!40103 SET TIME_ZONE=@OLD_TIME_ZONE */;

/*!40101 SET SQL_MODE=@OLD_SQL_MODE */;
/*!40014 SET FOREIGN_KEY_CHECKS=@OLD_FOREIGN_KEY_CHECKS */;
/*!40014 SET UNIQUE_CHECKS=@OLD_UNIQUE_CHECKS */;
/*!40101 SET CHARACTER_SET_CLIENT=@OLD_CHARACTER_SET_CLIENT */;
/*!40101 SET CHARACTER_SET_RESULTS=@OLD_CHARACTER_SET_RESULTS */;
/*!40101 SET COLLATION_CONNECTION=@OLD_COLLATION_CONNECTION */;
/*!40111 SET SQL_NOTES=@OLD_SQL_NOTES */;

-- Dump completed on 2017-06-08 23:12:13
